t_offset_ms,rr_interval_ms,bpm_instantane
0,974,62
974,917,65
1891,915,66
2806,956,63
3762,1034,58
4796,982,61
5778,1012,59
6790,1004,60
7794,963,62
8757,932,64
9689,926,65
10615,919,65
11534,889,67
12423,871,69
13294,861,70
14155,837,72
14992,812,74
15804,805,75
16609,807,74
17416,868,69
18284,951,63
19235,1029,58
20264,993,60
21257,1061,57
22318,1050,57
23368,961,62
24329,918,65
25247,889,67
26136,883,68
27019,857,70
27876,862,70
28738,932,64
29670,969,62
30639,967,62
31606,979,61
32585,984,61
33569,958,63
34527,902,67
35429,938,64
36367,966,62
37333,971,62
38304,955,63
39259,1049,57
40308,1198,50
41506,1159,52
42665,1115,54
43780,1112,54
44892,1070,56
45962,1002,60
46964,992,60
47956,1035,58
48991,968,62
49959,960,62
50919,940,64
51859,847,71
52706,886,68
53592,879,68
54471,889,67
55360,923,65
56283,855,70
57138,844,71
57982,844,71
58826,808,74
59634,776,77
60410,750,80
61160,755,79
61915,750,80
62665,753,80
63418,750,80
64168,760,79
64928,775,77
65703,795,75
66498,807,74
67305,802,75
68107,812,74
68919,836,72
69755,894,67
70649,907,66
71556,869,69
72425,876,68
73301,859,70
74160,878,68
75038,879,68
75917,862,70
76779,895,67
77674,927,65
78601,924,65
79525,874,69
80399,865,69
81264,854,70
82118,852,70
82970,833,72
83803,856,70
84659,913,66
85572,979,61
86551,977,61
87528,987,61
88515,1076,56
89591,1081,56
90672,974,62
91646,926,65
92572,914,66
93486,893,67
94379,867,69
95246,896,67
96142,913,66
97055,900,67
97955,917,65
98872,943,64
99815,953,63
100768,906,66
101674,939,64
102613,975,62
103588,964,62
104552,1018,59
105570,1170,51
106740,1184,51
107924,1049,57
108973,1021,59
109994,980,61
110974,912,66
111886,982,61
112868,1016,59
113884,969,62
114853,885,68
115738,881,68
116619,854,70
117473,815,74
118288,800,75
119088,775,77
119863,752,80
120615,757,79
121372,758,79
122130,746,80
122876,753,80
123629,763,79
124392,756,79
125148,755,79
125903,754,80
126657,736,82
127393,723,83
128116,723,83
128839,710,85
129549,706,85
130255,704,85
130959,694,86
131653,695,86
132348,688,87
133036,694,86
133730,684,88
134414,676,89
135090,673,89
135763,679,88
136442,683,88
137125,704,85
137829,703,85
138532,735,82
139267,765,78
140032,777,77
140809,769,78
141578,788,76
142366,780,77
143146,763,79
143909,764,79
144673,782,77
145455,790,76
146245,773,78
147018,757,79
147775,739,81
148514,752,80
149266,764,79
150030,773,78
150803,800,75
151603,769,78
152372,776,77
153148,762,79
153910,747,80
154657,737,81
155394,719,83
156113,709,85
156822,690,87
157512,686,87
158198,669,90
158867,661,91
159528,654,92
160182,643,93
160825,635,94
161460,631,95
162091,619,97
162710,619,97
163329,620,97
163949,610,98
164559,617,97
165176,604,99
165780,605,99
166385,604,99
166989,600,100
167589,596,101
168185,602,100
168787,588,102
169375,591,102
169966,591,102
170557,587,102
171144,587,102
171731,583,103
172314,579,104
172893,583,103
173476,577,104
174053,585,103
174638,583,103
175221,575,104
175796,587,102
176383,581,103
176964,581,103
177545,584,103
178129,575,104
178704,576,104
179280,575,104
179855,575,104
180430,579,104
181009,564,106
181573,573,105
182146,570,105
182716,568,106
183284,572,105
183856,562,107
184418,570,105
184988,562,107
185550,569,105
186119,563,107
186682,564,106
187246,561,107
187807,560,107
188367,565,106
188932,556,108
189488,559,107
190047,554,108
190601,557,108
191158,550,109
191708,553,108
192261,550,109
192811,551,109
193362,551,109
193913,544,110
194457,549,109
195006,542,111
195548,556,108
196104,539,111
196643,550,109
197193,541,111
197734,552,109
198286,535,112
198821,545,110
199366,540,111
199906,543,110
200449,535,112
200984,541,111
201525,536,112
202061,537,112
202598,536,112
203134,535,112
203669,536,112
204205,534,112
204739,536,112
205275,536,112
205811,533,113
206344,539,111
206883,534,112
207417,541,111
207958,535,112
208493,539,111
209032,537,112
209569,538,112
210107,541,111
210648,537,112
211185,539,111
211724,540,111
212264,538,112
212802,539,111
213341,542,111
213883,549,109
214432,553,108
214985,563,107
215548,586,102
216134,604,99
216738,613,98
217351,610,98
217961,611,98
218572,611,98
219183,610,98
219793,609,99
220402,606,99
221008,605,99
221613,607,99
222220,611,98
222831,615,98
223446,615,98
224061,616,97
224677,615,98
225292,615,98
225907,614,98
226521,616,97
227137,617,97
227754,626,96
228380,631,95
229011,645,93
229656,662,91
230318,671,89
230989,683,88
231672,705,85
232377,712,84
233089,707,85
233796,700,86
234496,697,86
235193,706,85
235899,700,86
236599,685,88
237284,680,88
237964,700,86
238664,694,86
239358,683,88
240041,671,89
240712,654,92
241366,647,93
242013,644,93
242657,638,94
243295,623,96
243918,619,97
244537,617,97
245154,613,98
245767,618,97
246385,647,93
247032,659,91
247691,665,90
248356,653,92
249009,645,93
249654,639,94
250293,643,93
250936,643,93
251579,667,90
252246,703,85
252949,864,69
253813,886,68
254699,800,75
255499,792,76
256291,820,73
257111,836,72
257947,780,77
258726,763,79
259490,742,81
260232,732,82
260964,737,81
261701,737,81
262438,725,83
263163,705,85
263868,706,85
264574,689,87
265263,682,88
265945,683,88
266628,665,90
267293,667,90
267960,655,92
268615,651,92
269266,659,91
269925,647,93
270572,633,95
271205,639,94
271844,630,95
272474,622,96
273096,618,97
273714,615,98
274329,615,98
274944,609,99
275553,598,100
276151,602,100
276753,592,101
277345,589,102
277934,593,101
278527,578,104
279105,584,103
279689,574,105
280263,569,105
280832,577,104
281409,559,107
281968,564,106
282532,558,108
283090,563,107
283653,554,108
284207,556,108
284763,552,109
285315,551,109
285866,549,109
286415,553,108
286968,546,110
287514,551,109
288065,546,110
288611,549,109
289160,544,110
289704,551,109
290255,543,110
290798,544,110
291342,539,111
291881,553,108
292434,536,112
292970,544,110
293514,540,111
294054,545,110
294599,530,113
295129,542,111
295671,532,113
296203,541,111
296744,526,114
297270,537,112
297807,536,112
298343,536,112
298879,529,113
299408,537,112
299945,533,113
300478,535,112
301013,529,113
301542,536,112
302078,535,112
302613,534,112
303147,527,114
303674,530,113
304204,533,113
304737,527,114
305264,530,113
305794,526,114
306320,531,113
306851,521,115
307372,530,113
307902,517,116
308419,530,113
308949,521,115
309470,521,115
309991,515,117
310506,522,115
311028,512,117
311540,518,116
312058,518,116
312576,511,117
313087,515,117
313602,514,117
314116,514,117
314630,509,118
315139,517,116
315656,511,117
316167,515,117
316682,510,118
317192,514,117
317706,511,117
318217,507,118
318724,514,117
319238,504,119
319742,512,117
320254,510,118
320764,511,117
321275,511,117
321786,501,120
322287,510,118
322797,508,118
323305,504,119
323809,506,119
324315,507,118
324822,507,118
325329,503,119
325832,510,118
326342,505,119
326847,502,120
327349,512,117
327861,504,119
328365,506,119
328871,505,119
329376,505,119
329881,508,118
330389,497,121
330886,506,119
331392,503,119
331895,499,120
332394,501,120
332895,497,121
333392,502,120
333894,496,121
334390,497,121
334887,505,119
335392,491,122
335883,495,121
336378,503,119
336881,493,122
337374,495,121
337869,496,121
338365,489,123
338854,499,120
339353,494,121
339847,491,122
340338,491,122
340829,493,122
341322,487,123
341809,493,122
342302,487,123
342789,496,121
343285,486,123
343771,488,123
344259,492,122
344751,487,123
345238,484,124
345722,490,122
346212,480,125
346692,488,123
347180,490,122
347670,480,125
348150,485,124
348635,494,121
349129,482,124
349611,487,123
350098,488,123
350586,484,124
351070,483,124
351553,487,123
352040,486,123
352526,481,125
353007,488,123
353495,485,124
353980,485,124
354465,482,124
354947,484,124
355431,486,123
355917,482,124
356399,483,124
356882,487,123
357369,484,124
357853,485,124
358338,483,124
358821,484,124
359305,484,124
359789,490,122
360279,483,124
360762,487,123
361249,487,123
361736,485,124
362221,486,123
362707,491,122
363198,489,123
363687,485,124
364172,498,120
364670,489,123
365159,491,122
365650,499,120
366149,492,122
366641,497,121
367138,498,120
367636,491,122
368127,505,119
368632,493,122
369125,498,120
369623,502,120
370125,498,120
370623,503,119
371126,503,119
371629,500,120
372129,505,119
372634,501,120
373135,506,119
373641,506,119
374147,1017,59
375164,502,120
375666,508,118
376174,511,117
376685,498,120
377183,506,119
377689,506,119
378195,498,120
378693,505,119
379198,501,120
379699,501,120
380200,496,121
380696,502,120
381198,495,121
381693,496,121
382189,494,121
382683,501,120
383184,490,122
383674,998,60
384672,491,122
385163,498,120
385661,495,121
386156,495,121
386651,498,120
387149,497,121
387646,498,120
388144,493,122
388637,493,122
389130,501,120
389631,492,122
390123,494,121
390617,501,120
391118,492,122
391610,495,121
392105,497,121
392602,494,121
393096,494,121
393590,494,121
394084,490,122
394574,494,121
395068,495,121
395563,489,123
396052,490,122
396542,493,122
397035,489,123
397524,491,122
398015,490,122
398505,485,124
398990,490,122
399480,490,122
399970,485,124
400455,493,122
400948,485,124
401433,483,124
401916,498,120
402414,477,126
402891,492,122
403383,490,122
403873,490,122
404363,490,122
404853,486,123
405339,497,121
405836,494,121
406330,498,120
406828,488,123
407316,492,122
407808,495,121
408303,494,121
408797,498,120
409295,499,120
409794,512,117
410306,521,115
410827,521,115
411348,534,112
411882,537,112
412419,545,110
412964,544,110
413508,543,110
414051,550,109
414601,547,110
415148,544,110
415692,545,110
416237,545,110
416782,546,110
417328,540,111
417868,541,111
418409,544,110
418953,543,110
419496,535,112
420031,540,111
420571,541,111
421112,544,110
421656,547,110
422203,551,109
422754,556,108
423310,558,108
423868,568,106
424436,610,98
425046,645,93
425691,673,89
426364,708,85
427072,694,86
427766,707,85
428473,709,85
429182,692,87
429874,671,89
430545,669,90
431214,660,91
431874,641,94
432515,644,93
433159,646,93
433805,641,94
434446,637,94
435083,645,93
435728,659,91
436387,655,92
437042,651,92
437693,648,93
438341,646,93
438987,644,93
439631,630,95
440261,634,95
440895,624,96
441519,636,94
442155,631,95
442786,650,92
443436,665,90
444101,696,86
444797,686,87
445483,713,84
446196,721,83
446917,700,86
447617,684,88
448301,678,88
448979,669,90
449648,662,91
450310,667,90
450977,696,86
451673,730,82
452403,770,78
453173,751,80
453924,796,75
454720,831,72
455551,780,77
456331,769,78
457100,771,78
457871,750,80
458621,728,82
459349,740,81
460089,761,79
460850,730,82
461580,718,84
462298,738,81
463036,744,81
463780,724,83
464504,750,80
465254,769,78
466023,774,78
466797,743,81
467540,743,81
468283,731,82
469014,720,83
469734,700,86
470434,683,88
471117,686,87
471803,672,89
472475,656,91
473131,654,92
473785,669,90
474454,683,88
475137,690,87
475827,698,86
476525,727,83
477252,743,81
477995,735,82
478730,739,81
479469,725,83
480194,709,85
480903,712,84
481615,720,83
482335,707,85
483042,697,86
483739,688,87
484427,688,87
485115,710,85
485825,719,83
486544,716,84
487260,705,85
487965,705,85
488670,708,85
489378,698,86
490076,688,87
490764,683,88
491447,680,88
492127,679,88
492806,680,88
493486,672,89
494158,674,89
494832,672,89
495504,670,90
496174,662,91
496836,655,92
497491,651,92
498142,660,91
498802,670,90
499472,674,89
500146,675,89
500821,673,89
501494,660,91
502154,654,92
502808,651,92
503459,653,92
504112,680,88
504792,718,84
505510,725,83
506235,732,82
506967,756,79
507723,793,76
508516,762,79
509278,746,80
510024,723,83
510747,705,85
511452,685,88
512136,672,89
512808,664,90
513472,685,88
514158,693,87
514851,704,85
515554,702,85
516256,730,82
516986,760,79
517746,729,82
518476,719,83
519195,695,86
519890,679,88
520568,667,90
521236,667,90
521903,685,88
522587,701,86
523289,763,79
524052,886,68
524938,886,68
525824,903,66
526727,916,66
527643,868,69
528511,824,73
529335,797,75
530132,773,78
530905,745,81
531650,746,80
532396,749,80
533145,688,87
533833,700,86
534533,679,88
535212,667,90
535879,664,90
536543,646,93
537189,643,93
537832,676,89
538508,731,82
539239,716,84
539955,705,85
540660,769,78
541429,746,80
542175,739,81
542914,722,83
543636,705,85
544341,691,87
545032,679,88
545711,663,90
546374,655,92
547029,658,91
547687,649,92
548336,650,92
548986,652,92
549638,648,93
550286,651,92
550937,650,92
551587,648,93
552235,647,93
552882,658,91
553540,646,93
554186,642,93
554828,655,92
555483,644,93
556127,642,93
556769,635,94
557404,633,95
558037,616,97
558653,620,97
559273,612,98
559885,611,98
560496,604,99
561100,606,99
561706,607,99
562313,613,98
562926,604,99
563530,603,100
564133,602,100
564735,603,100
565338,600,100
565938,600,100
566538,595,101
567133,592,101
567725,589,102
568314,589,102
568903,597,101
569500,598,100
570098,593,101
570691,597,101
571288,595,101
571883,590,102
572473,594,101
573067,590,102
573657,591,102
574248,601,100
574849,614,98
575463,644,93
576107,652,92
576759,661,91
577420,662,91
578082,263,228
578345,407,147
578752,664,90
579416,382,157
579798,269,223
580067,452,133
580519,833,72
581352,638,94
581990,638,94
582628,629,95
583257,625,96
583882,612,98
584494,627,96
585121,624,96
585745,1234,49
586979,612,98
587591,608,99
588199,592,101
588791,596,101
589387,588,102
589975,574,105
590549,590,102
591139,570,105
591709,567,106
592276,564,106
592840,563,107
593403,559,107
593962,545,110
594507,555,108
595062,547,110
595609,542,111
596151,539,111
596690,536,112
597226,534,112
597760,1057,57
598817,1051,57
599868,514,117
600382,528,114
600910,517,116
601427,521,115
601948,513,117
602461,517,116
602978,514,117
603492,506,119
603998,511,117
604509,511,117
605020,508,118
605528,509,118
606037,505,119
606542,509,118
607051,503,119
607554,507,118
608061,500,120
608561,498,120
609059,505,119
609564,500,120
610064,497,121
610561,505,119
611066,493,122
611559,494,121
612053,996,60
613049,493,122
613542,496,121
614038,489,123
614527,492,122
615019,497,121
615516,494,121
616010,488,123
616498,495,121
616993,489,123
617482,499,120
617981,484,124
618465,487,123
618952,501,120
619453,482,124
619935,490,122
620425,493,122
620918,486,123
621404,494,121
621898,487,123
622385,487,123
622872,487,123
623359,494,121
623853,482,124
624335,491,122
624826,489,123
625315,485,124
625800,487,123
626287,489,123
626776,482,124
627258,490,122
627748,483,124
628231,479,125
628710,490,122
629200,479,125
629679,478,126
630157,486,123
630643,479,125
631122,474,127
631596,484,124
632080,479,125
632559,475,126
633034,479,125
633513,478,126
633991,474,127
634465,476,126
634941,479,125
635420,474,127
635894,479,125
636373,943,64
637316,475,126
637791,475,126
638266,470,128
638736,469,128
639205,470,128
639675,476,126
640151,472,127
640623,469,128
641092,472,127
641564,470,128
642034,473,127
642507,474,127
642981,473,127
643454,472,127
643926,475,126
644401,473,127
644874,472,127
645346,951,63
646297,290,207
646587,654,92
647241,472,127
647713,477,126
648190,473,127
648663,472,127
649135,473,127
649608,472,127
650080,470,128
650550,469,128
651019,481,125
651500,467,128
651967,951,63
652918,468,128
653386,474,127
653860,475,126
654335,471,127
654806,474,127
655280,474,127
655754,468,128
656222,470,128
656692,480,125
657172,466,129
657638,469,128
658107,565,106
658672,378,159
659050,341,176
659391,599,100
659990,471,127
660461,469,128
660930,465,129
661395,478,126
661873,467,128
662340,468,128
662808,1407,43
664215,277,217
664492,652,92
665144,351,171
665495,446,135
665941,281,214
666222,320,188
666542,467,128
667009,383,157
667392,546,110
667938,465,129
668403,471,127
668874,462,130
669336,1394,43
670730,460,130
671190,462,130
671652,466,129
672118,462,130
672580,461,130
673041,466,129
673507,924,65
674431,463,130
674894,470,128
675364,459,131
675823,461,130
676284,462,130
676746,468,128
677214,460,130
677674,462,130
678136,464,129
678600,926,65
679526,464,129
679990,465,129
680455,461,130
680916,460,130
681376,460,130
681836,360,167
682196,568,106
682764,459,131
683223,459,131
683682,464,129
684146,461,130
684607,1380,43
685987,458,131
686445,459,131
686904,459,131
687363,918,65
688281,463,130
688744,461,130
689205,458,131
689663,458,131
690121,460,130
690581,458,131
691039,464,129
691503,457,131
691960,458,131
692418,459,131
692877,457,131
693334,457,131
693791,455,132
694246,457,131
694703,459,131
695162,458,131
695620,908,66
696528,453,132
696981,451,133
697432,454,132
697886,456,132
698342,456,132
698798,455,132
699253,900,67
700153,460,130
700613,594,101
701207,314,191
701521,451,133
701972,453,132
702425,452,133
702877,451,133
703328,447,134
703775,452,133
704227,457,131
704684,446,135
705130,450,133
705580,450,133
706030,451,133
706481,448,134
706929,447,134
707376,450,133
707826,447,134
708273,448,134
708721,449,134
709170,444,135
709614,445,135
710059,451,133
710510,442,136
710952,442,136
711394,443,135
711837,446,135
712283,444,135
712727,441,136
713168,442,136
713610,445,135
714055,441,136
714496,441,136
714937,883,68
715820,881,68
716701,440,136
717141,436,138
717577,875,69
718452,444,135
718896,438,137
719334,438,137
719772,441,136
720213,435,138
720648,439,137
721087,442,136
721529,438,137
721967,435,138
722402,436,138
722838,439,137
723277,438,137
723715,437,137
724152,437,137
724589,437,137
725026,434,138
725460,443,135
725903,433,139
726336,436,138
726772,432,139
727204,439,137
727643,435,138
728078,436,138
728514,434,138
728948,435,138
729383,435,138
729818,439,137
730257,433,139
730690,435,138
731125,432,139
731557,438,137
731995,434,138
732429,438,137
732867,438,137
733305,432,139
733737,434,138
734171,438,137
734609,434,138
735043,434,138
735477,429,140
735906,436,138
736342,431,139
736773,434,138
737207,440,136
737647,435,138
738082,430,140
738512,437,137
738949,435,138
739384,440,136
739824,432,139
740256,434,138
740690,435,138
741125,437,137
741562,433,139
741995,439,137
742434,438,137
742872,431,139
743303,437,137
743740,434,138
744174,435,138
744609,435,138
745044,432,139
745476,434,138
745910,436,138
746346,436,138
746782,433,139
747215,437,137
747652,430,140
748082,436,138
748518,872,69
749390,433,139
749823,433,139
750256,434,138
750690,438,137
751128,431,139
751559,432,139
751991,432,139
752423,433,139
752856,431,139
753287,431,139
753718,434,138
754152,437,137
754589,429,140
755018,865,69
755883,429,140
756312,435,138
756747,431,139
757178,432,139
757610,864,69
758474,433,139
758907,434,138
759341,432,139
759773,430,140
760203,437,137
760640,438,137
761078,433,139
761511,431,139
761942,431,139
762373,437,137
762810,438,137
763248,433,139
763681,431,139
764112,431,139
764543,435,138
764978,440,136
765418,434,138
765852,430,140
766282,432,139
766714,439,137
767153,433,139
767586,436,138
768022,433,139
768455,438,137
768893,432,139
769325,436,138
769761,437,137
770198,434,138
770632,434,138
771066,429,140
771495,361,166
771856,514,117
772370,438,137
772808,432,139
773240,436,138
773676,435,138
774111,436,138
774547,438,137
774985,433,139
775418,433,139
775851,875,69
776726,433,139
777159,433,139
777592,871,69
778463,434,138
778897,440,136
779337,432,139
779769,433,139
780202,434,138
780636,436,138
781072,435,138
781507,433,139
781940,434,138
782374,429,140
782803,433,139
783236,868,69
784104,433,139
784537,432,139
784969,434,138
785403,872,69
786275,438,137
786713,434,138
787147,431,139
787578,432,139
788010,439,137
788449,434,138
788883,432,139
789315,868,69
790183,431,139
790614,438,137
791052,438,137
791490,434,138
791924,435,138
792359,441,136
792800,437,137
793237,437,137
793674,436,138
794110,434,138
794544,440,136
794984,442,136
795426,438,137
795864,440,136
796304,437,137
796741,438,137
797179,441,136
797620,440,136
798060,439,137
798499,439,137
798938,439,137
799377,443,135
799820,438,137
800258,438,137
800696,882,68
801578,441,136
802019,442,136
802461,443,135
802904,439,137
803343,441,136
803784,445,135
804229,443,135
804672,441,136
805113,439,137
805552,442,136
805994,443,135
806437,440,136
806877,436,138
807313,438,137
807751,444,135
808195,438,137
808633,436,138
809069,439,137
809508,438,137
809946,438,137
810384,439,137
810823,438,137
811261,435,138
811696,444,135
812140,436,138
812576,437,137
813013,435,138
813448,1317,46
814765,439,137
815204,439,137
815643,438,137
816081,437,137
816518,439,137
816957,439,137
817396,435,138
817831,437,137
818268,438,137
818706,434,138
819140,438,137
819578,437,137
820015,435,138
820450,432,139
820882,436,138
821318,437,137
821755,434,138
822189,435,138
822624,433,139
823057,436,138
823493,435,138
823928,435,138
824363,434,138
824797,432,139
825229,434,138
825663,438,137
826101,432,139
826533,434,138
826967,435,138
827402,434,138
827836,438,137
828274,434,138
828708,435,138
829143,437,137
829580,429,140
830009,438,137
830447,438,137
830885,435,138
831320,432,139
831752,437,137
832189,871,69
833060,438,137
833498,433,139
833931,437,137
834368,874,69
835242,439,137
835681,438,137
836119,438,137
836557,437,137
836994,439,137
837433,438,137
837871,436,138
838307,440,136
838747,877,68
839624,436,138
840060,437,137
840497,443,135
840940,876,68
841816,440,136
842256,437,137
842693,444,135
843137,880,68
844017,442,136
844459,439,137
844898,891,67
845789,442,136
846231,445,135
846676,444,135
847120,444,135
847564,444,135
848008,447,134
848455,447,134
848902,441,136
849343,446,135
849789,446,135
850235,442,136
850677,444,135
851121,444,135
851565,442,136
852007,446,135
852453,443,135
852896,443,135
853339,439,137
853778,445,135
854223,447,134
854670,440,136
855110,443,135
855553,438,137
855991,441,136
856432,445,135
856877,443,135
857320,437,137
857757,438,137
858195,441,136
858636,443,135
859079,438,137
859517,434,138
859951,438,137
860389,438,137
860827,439,137
861266,437,137
861703,438,137
862141,439,137
862580,438,137
863018,440,136
863458,438,137
863896,438,137
864334,438,137
864772,440,136
865212,442,136
865654,441,136
866095,438,137
866533,439,137
866972,442,136
867414,440,136
867854,437,137
868291,442,136
868733,437,137
869170,443,135
869613,439,137
870052,439,137
870491,437,137
870928,438,137
871366,439,137
871805,437,137
872242,437,137
872679,440,136
873119,439,137
873558,438,137
873996,439,137
874435,439,137
874874,436,138
875310,440,136
875750,437,137
876187,438,137
876625,436,138
877061,435,138
877496,445,135
877941,436,138
878377,437,137
878814,439,137
879253,431,139
879684,439,137
880123,438,137
880561,439,137
881000,432,139
881432,434,138
881866,437,137
882303,438,137
882741,438,137
883179,433,139
883612,439,137
884051,437,137
884488,437,137
884925,437,137
885362,438,137
885800,437,137
886237,435,138
886672,439,137
887111,438,137
887549,433,139
887982,441,136
888423,438,137
888861,435,138
889296,438,137
889734,435,138
890169,436,138
890605,437,137
891042,437,137
891479,437,137
891916,433,139
892349,438,137
892787,436,138
893223,434,138
893657,435,138
894092,436,138
894528,431,139
894959,436,138
895395,437,137
895832,438,137
896270,429,140
896699,432,139
897131,438,137
897569,434,138
898003,433,139
898436,432,139
898868,434,138
899302,432,139
899734,436,138
900170,433,139
900603,438,137
901041,431,139
901472,437,137
901909,433,139
902342,433,139
902775,433,139
903208,434,138
903642,435,138
904077,431,139
904508,870,69
905378,436,138
905814,436,138
906250,436,138
906686,432,139
907118,436,138
907554,436,138
907990,437,137
908427,430,140
908857,438,137
909295,438,137
909733,431,139
910164,433,139
910597,433,139
911030,435,138
911465,432,139
911897,432,139
912329,433,139
912762,430,140
913192,430,140
913622,438,137
914060,427,141
914487,431,139
914918,429,140
915347,428,140
915775,428,140
916203,430,140
916633,432,139
917065,424,142
917489,431,139
917920,431,139
918351,424,142
918775,428,140
919203,854,70
920057,424,142
920481,429,140
920910,429,140
921339,424,142
921763,426,141
922189,425,141
922614,424,142
923038,429,140
923467,426,141
923893,427,141
924320,423,142
924743,426,141
925169,428,140
925597,425,141
926022,427,141
926449,427,141
926876,425,141
927301,423,142
927724,429,140
928153,428,140
928581,427,141
929008,426,141
929434,422,142
929856,426,141
930282,428,140
930710,428,140
931138,428,140
931566,423,142
931989,430,140
932419,426,141
932845,425,141
933270,427,141
933697,427,141
934124,427,141
934551,428,140
934979,426,141
935405,433,139
935838,429,140
936267,428,140
936695,426,141
937121,433,139
937554,431,139
937985,430,140
938415,432,139
938847,428,140
939275,430,140
939705,430,140
940135,433,139
940568,433,139
941001,427,141
941428,434,138
941862,432,139
942294,431,139
942725,433,139
943158,433,139
943591,428,140
944019,863,70
944882,435,138
945317,433,139
945750,429,140
946179,429,140
946608,434,138
947042,431,139
947473,431,139
947904,431,139
948335,429,140
948764,430,140
949194,433,139
949627,430,140
950057,432,139
950489,427,141
950916,432,139
951348,433,139
951781,426,141
952207,429,140
952636,428,140
953064,430,140
953494,426,141
953920,430,140
954350,426,141
954776,424,142
955200,429,140
955629,428,140
956057,426,141
956483,426,141
956909,427,141
957336,422,142
957758,426,141
958184,428,140
958612,426,141
959038,423,142
959461,427,141
959888,423,142
960311,424,142
960735,427,141
961162,425,141
961587,424,142
962011,421,143
962432,425,141
962857,426,141
963283,422,142
963705,424,142
964129,424,142
964553,421,143
964974,420,143
965394,425,141
965819,423,142
966242,421,143
966663,422,142
967085,421,143
967506,420,143
967926,426,141
968352,423,142
968775,420,143
969195,418,144
969613,422,142
970035,421,143
970456,423,142
970879,421,143
971300,418,144
971718,421,143
972139,416,144
972555,422,142
972977,419,143
973396,418,144
973814,420,143
974234,420,143
974654,415,145
975069,416,144
975485,419,143
975904,421,143
976325,417,144
976742,417,144
977159,414,145
977573,419,143
977992,415,145
978407,417,144
978824,419,143
979243,414,145
979657,417,144
980074,412,146
980486,418,144
980904,415,145
981319,418,144
981737,418,144
982155,411,146
982566,415,145
982981,420,143
983401,416,144
983817,419,143
984236,417,144
984653,416,144
985069,412,146
985481,417,144
985898,417,144
986315,413,145
986728,417,144
987145,417,144
987562,416,144
987978,414,145
988392,417,144
988809,418,144
989227,414,145
989641,416,144
990057,416,144
990473,415,145
990888,414,145
991302,415,145
991717,417,144
992134,416,144
992550,420,143
992970,418,144
993388,417,144
993805,415,145
994220,418,144
994638,419,143
995057,416,144
995473,419,143
995892,417,144
996309,416,144
996725,415,145
997140,419,143
997559,418,144
997977,414,145
998391,416,144
998807,414,145
999221,419,143
999640,416,144
1000056,418,144
1000474,425,141
1000899,415,145
1001314,420,143
1001734,418,144
1002152,418,144
1002570,417,144
1002987,421,143
1003408,420,143
1003828,417,144
1004245,418,144
1004663,416,144
1005079,415,145
1005494,416,144
1005910,421,143
1006331,417,144
1006748,418,144
1007166,418,144
1007584,415,145
1007999,417,144
1008416,420,143
1008836,417,144
1009253,422,142
1009675,417,144
1010092,415,145
1010507,416,144
1010923,419,143
1011342,417,144
1011759,419,143
1012178,418,144
1012596,417,144
1013013,421,143
1013434,418,144
1013852,418,144
1014270,422,142
1014692,422,142
1015114,420,143
1015534,419,143
1015953,421,143
1016374,419,143
1016793,420,143
1017213,425,141
1017638,417,144
1018055,422,142
1018477,420,143
1018897,419,143
1019316,422,142
1019738,423,142
1020161,421,143
1020582,421,143
1021003,421,143
1021424,420,143
1021844,419,143
1022263,423,142
1022686,424,142
1023110,420,143
1023530,420,143
1023950,423,142
1024373,421,143
1024794,425,141
1025219,423,142
1025642,420,143
1026061,425,141
1026487,422,142
1026909,420,143
1027329,422,142
1027751,425,141
1028175,421,143
1028597,420,143
1029017,423,142
1029440,420,143
1029859,420,143
1030280,423,142
1030703,424,142
1031127,423,142
1031550,420,143
1031970,424,142
1032394,424,142
1032818,420,143
1033238,426,141
1033664,423,142
1034087,421,143
1034508,419,143
1034926,427,141
1035354,423,142
1035777,423,142
1036200,425,141
1036625,422,142
1037047,421,143
1037468,422,142
1037890,426,141
1038316,425,141
1038741,422,142
1039163,424,142
1039587,424,142
1040011,424,142
1040435,425,141
1040859,426,141
1041286,429,140
1041714,423,142
1042137,429,140
1042567,431,139
1042998,425,141
1043423,428,140
1043851,427,141
1044278,426,141
1044704,425,141
1045128,429,140
1045558,429,140
1045987,425,141
1046412,425,141
1046837,423,142
1047260,429,140
1047689,425,141
1048114,427,141
1048540,431,139
1048972,423,142
1049395,426,141
1049821,427,141
1050248,427,141
1050675,427,141
1051102,427,141
1051529,427,141
1051956,425,141
1052381,429,140
1052810,427,141
1053237,426,141
1053663,428,140
1054091,424,142
1054515,424,142
1054939,431,139
1055370,423,142
1055793,425,141
1056218,423,142
1056641,429,140
1057070,424,142
1057494,427,141
1057921,427,141
1058348,424,142
1058772,425,141
1059197,422,142
1059619,424,142
1060043,427,141
1060470,426,141
1060896,428,140
1061324,421,143
1061745,428,140
1062173,425,141
1062598,423,142
1063021,431,139
1063452,423,142
1063875,425,141
1064300,424,142
1064724,422,142
1065146,429,140
1065575,424,142
1065999,423,142
1066422,423,142
1066845,426,141
1067271,424,142
1067695,426,141
1068121,426,141
1068547,422,142
1068969,428,140
1069397,424,142
1069821,425,141
1070246,430,140
1070676,427,141
1071103,426,141
1071529,425,141
1071954,428,140
1072382,429,140
1072811,425,141
1073236,430,140
1073666,427,141
1074093,426,141
1074519,426,141
1074945,432,139
1075377,427,141
1075804,430,140
1076234,429,140
1076663,426,141
1077089,430,140
1077519,430,140
1077949,426,141
1078375,428,140
1078803,426,141
1079229,427,141
1079656,428,140
1080084,429,140
1080513,429,140
1080942,423,142
1081365,430,140
1081795,427,141
1082222,426,141
1082648,430,140
1083078,427,141
1083505,426,141
1083931,423,142
1084354,428,140
1084782,427,141
1085209,425,141
1085634,429,140
1086063,423,142
1086486,424,142
1086910,429,140
1087339,425,141
1087764,426,141
1088190,424,142
1088614,430,140
1089044,421,143
1089465,425,141
1089890,431,139
1090321,424,142
1090745,424,142
1091169,425,141
1091594,424,142
1092018,429,140
1092447,424,142
1092871,425,141
1093296,424,142
1093720,425,141
1094145,429,140
1094574,424,142
1094998,425,141
1095423,425,141
1095848,421,143
1096269,423,142
1096692,426,141
1097118,426,141
1097544,421,143
1097965,423,142
1098388,422,142
1098810,423,142
1099233,422,142
1099655,422,142
1100077,426,141
1100503,423,142
1100926,420,143
1101346,423,142
1101769,424,142
1102193,425,141
1102618,424,142
1103042,424,142
1103466,422,142
1103888,428,140
1104316,425,141
1104741,424,142
1105165,426,141
1105591,425,141
1106016,423,142
1106439,433,139
1106872,424,142
1107296,429,140
1107725,425,141
1108150,426,141
1108576,432,139
1109008,424,142
1109432,430,140
1109862,428,140
1110290,425,141
1110715,428,140
1111143,425,141
1111568,430,140
1111998,426,141
1112424,426,141
1112850,427,141
1113277,423,142
1113700,430,140
1114130,423,142
1114553,425,141
1114978,426,141
1115404,425,141
1115829,428,140
1116257,429,140
1116686,426,141
1117112,426,141
1117538,429,140
1117967,428,140
1118395,427,141
1118822,431,139
1119253,426,141
1119679,424,142
1120103,423,142
1120526,427,141
1120953,426,141
1121379,424,142
1121803,426,141
1122229,423,142
1122652,422,142
1123074,425,141
1123499,426,141
1123925,428,140
1124353,426,141
1124779,423,142
1125202,423,142
1125625,426,141
1126051,429,140
1126480,427,141
1126907,426,141
1127333,422,142
1127755,425,141
1128180,427,141
1128607,424,142
1129031,423,142
1129454,423,142
1129877,427,141
1130304,422,142
1130726,425,141
1131151,428,140
1131579,423,142
1132002,424,142
1132426,421,143
1132847,426,141
1133273,425,141
1133698,426,141
1134124,425,141
1134549,426,141
1134975,423,142
1135398,425,141
1135823,426,141
1136249,428,140
1136677,424,142
1137101,423,142
1137524,422,142
1137946,427,141
1138373,423,142
1138796,425,141
1139221,423,142
1139644,420,143
1140064,424,142
1140488,424,142
1140912,419,143
1141331,426,141
1141757,423,142
1142180,425,141
1142605,419,143
1143024,424,142
1143448,425,141
1143873,423,142
1144296,423,142
1144719,422,142
1145141,420,143
1145561,424,142
1145985,425,141
1146410,421,143
1146831,426,141
1147257,419,143
1147676,418,144
1148094,423,142
1148517,424,142
1148941,420,143
1149361,422,142
1149783,420,143
1150203,419,143
1150622,418,144
1151040,423,142
1151463,425,141
1151888,419,143
1152307,420,143
1152727,420,143
1153147,421,143
1153568,422,142
1153990,424,142
1154414,423,142
1154837,418,144
1155255,423,142
1155678,419,143
1156097,422,142
1156519,426,141
1156945,420,143
1157365,418,144
1157783,418,144
1158201,419,143
1158620,419,143
1159039,423,142
1159462,418,144
1159880,419,143
1160299,421,143
1160720,416,144
1161136,421,143
1161557,420,143
1161977,420,143
1162397,421,143
1162818,416,144
1163234,416,144
1163650,420,143
1164070,422,142
1164492,420,143
1164912,420,143
1165332,418,144
1165750,415,145
1166165,423,142
1166588,420,143
1167008,416,144
1167424,417,144
1167841,417,144
1168258,419,143
1168677,421,143
1169098,417,144
1169515,424,142
1169939,422,142
1170361,416,144
1170777,419,143
1171196,847,71
1172043,416,144
1172459,424,142
1172883,417,144
1173300,421,143
1173721,420,143
1174141,423,142
1174564,418,144
1174982,419,143
1175401,422,142
1175823,420,143
1176243,839,72
1177082,421,143
1177503,420,143
1177923,418,144
1178341,421,143
1178762,424,142
1179186,420,143
1179606,424,142
1180030,423,142
1180453,418,144
1180871,422,142
1181293,423,142
1181716,422,142
1182138,421,143
1182559,423,142
1182982,420,143
1183402,420,143
1183822,421,143
1184243,425,141
1184668,422,142
1185090,419,143
1185509,421,143
1185930,420,143
1186350,423,142
1186773,420,143
1187193,420,143
1187613,421,143
1188034,419,143
1188453,420,143
1188873,420,143
1189293,425,141
1189718,418,144
1190136,423,142
1190559,424,142
1190983,411,146
1191394,426,141
1191820,269,223
1192089,565,106
1192654,422,142
1193076,834,72
1193910,422,142
1194332,254,236
1194586,589,102
1195175,418,144
1195593,417,144
1196010,425,141
1196435,301,199
1196736,359,167
1197095,605,99
1197700,819,73
1198519,875,69
1199394,847,71
1200241,418,144
1200659,423,142
1201082,850,71
1201932,421,143
1202353,270,222
1202623,2313,26
1200641,497,121
1201138,265,226
1201403,330,182
1201733,328,183
1202061,329,182
1202390,974,62
1203364,5722,10
1204791,423,142
1205214,430,140
1205644,418,144
1206062,844,71
1206906,423,142
1207329,433,139
1207762,425,141
1208187,429,140
1208616,416,144
1209032,422,142
1209454,422,142
1209876,420,143
1210296,424,142
1210720,841,71
1211561,418,144
1211979,350,171
1212329,918,65
1213247,422,142
1213669,423,142
1214092,418,144
1214510,419,143
1214929,418,144
1215347,424,142
1215771,423,142
1216194,422,142
1216616,834,72
1217450,422,142
1217872,648,93
1218520,608,99
1219128,417,144
1219545,830,72
1220375,418,144
1220793,843,71
1221636,595,101
1222231,317,189
1222548,756,79
1223304,377,159
1223681,361,166
1224042,3979,15
1223726,570,105
1224296,569,105
1224865,1163,52
1226028,1313,46
1227341,1460,41
1228801,348,172
1229149,379,158
1229528,344,174
1229872,1896,32
1231768,311,193
1232079,1133,53
1233212,713,84
1233925,1394,43
1235319,372,161
1235691,343,175
1236034,796,75
1236830,2111,28
1238941,1432,42
1240373,710,85
1241083,696,86
1241779,479,125
1242258,950,63
1243208,392,153
1243600,972,62
1244572,1095,55
1245667,1436,42
1247103,1230,49
1248333,319,188
1248652,709,85
1249361,1452,41
1250813,1465,41
1252278,1712,35
1253990,488,123
1254478,1668,36
1256146,1101,54
1257247,3048,20
1256000,561,107
1256561,889,67
1257450,720,83
1258170,1430,42
1259600,737,81
1260337,740,81
1261077,716,84
1261793,2183,27
1259681,1435,42
1261116,731,82
1261847,815,74
1262662,603,100
1263265,1082,55
1264347,625,96
1264972,419,143
1265391,1347,45
1266738,793,76
1267531,2260,27
1265496,369,163
1265865,4158,14
1265728,304,197
1266032,1085,55
1267117,774,78
1267891,3760,16
1267356,425,141
1267781,422,142
1268203,418,144
1268621,425,141
1269046,420,143
1269466,408,147
1269874,436,138
1270310,417,144
1270727,425,141
1271152,424,142
1271576,422,142
1271998,421,143
1272419,424,142
1272843,419,143
1273262,422,142
1273684,424,142
1274108,420,143
1274528,422,142
1274950,422,142
1275372,415,145
1275787,422,142
1276209,422,142
1276631,420,143
1277051,419,143
1277470,423,142
1277893,420,143
1278313,417,144
1278730,420,143
1279150,421,143
1279571,420,143
1279991,416,144
1280407,421,143
1280828,418,144
1281246,420,143
1281666,424,142
1282090,415,145
1282505,418,144
1282923,420,143
1283343,419,143
1283762,417,144
1284179,422,142
1284601,421,143
1285022,418,144
1285440,419,143
1285859,417,144
1286276,418,144
1286694,422,142
1287116,419,143
1287535,422,142
1287957,417,144
1288374,416,144
1288790,527,114
1289317,994,60
1290311,327,183
1290638,1068,56
1291706,410,146
1292116,445,135
1292561,484,124
1293045,737,81
1293782,1017,59
1294799,644,93
1295443,413,145
1295856,412,146
1296268,412,146
1296680,410,146
1297090,832,72
1297922,347,173
1298269,479,125
1298748,805,75
1299553,433,139
1299986,420,143
1300406,406,148
1300812,410,146
1301222,413,145
1301635,407,147
1302042,826,73
1302868,408,147
1303276,415,145
1303691,410,146
1304101,409,147
1304510,407,147
1304917,315,190
1305232,913,66
1306145,407,147
1306552,402,149
1306954,401,150
1307355,411,146
1307766,407,147
1308173,820,73
1308993,411,146
1309404,404,149
1309808,404,149
1310212,813,74
1311025,555,108
1311580,266,226
1311846,408,147
1312254,407,147
1312661,405,148
1313066,370,162
1313436,451,133
1313887,409,147
1314296,407,147
1314703,412,146
1315115,407,147
1315522,409,147
1315931,412,146
1316343,408,147
1316751,410,146
1317161,407,147
1317568,407,147
1317975,405,148
1318380,407,147
1318787,416,144
1319203,817,73
1320020,408,147
1320428,410,146
1320838,404,149
1321242,408,147
1321650,413,145
1322063,406,148
1322469,409,147
1322878,406,148
1323284,406,148
1323690,410,146
1324100,408,147
1324508,406,148
1324914,413,145
1325327,406,148
1325733,405,148
1326138,409,147
1326547,405,148
1326952,409,147
1327361,409,147
1327770,406,148
1328176,405,148
1328581,404,149
1328985,404,149
1329389,405,148
1329794,409,147
1330203,407,147
1330610,405,148
1331015,404,149
1331419,403,149
1331822,407,147
1332229,401,150
1332630,815,74
1333445,812,74
1334257,402,149
1334659,455,132
1335114,349,172
1335463,813,74
1336276,403,149
1336679,554,108
1337233,2211,27
1335149,919,65
1336068,1600,38
1337668,542,111
1338210,516,116
1338726,1618,37
1340344,1329,45
1341673,1022,59
1342695,3899,15
1342299,403,149
1342702,407,147
1343109,407,147
1343516,404,149
1343920,401,150
1344321,406,148
1344727,404,149
1345131,402,149
1345533,422,142
1345955,392,153
1346347,408,147
1346755,400,150
1347155,403,149
1347558,406,148
1347964,402,149
1348366,406,148
1348772,407,147
1349179,402,149
1349581,398,151
1349979,406,148
1350385,405,148
1350790,401,150
1351191,403,149
1351594,402,149
1351996,401,150
1352397,398,151
1352795,402,149
1353197,400,150
1353597,402,149
1353999,404,149
1354403,400,150
1354803,402,149
1355205,399,150
1355604,397,151
1356001,401,150
1356402,401,150
1356803,400,150
1357203,400,150
1357603,402,149
1358005,396,152
1358401,397,151
1358798,398,151
1359196,400,150
1359596,400,150
1359996,400,150
1360396,400,150
1360796,396,152
1361192,401,150
1361593,396,152
1361989,395,152
1362384,399,150
1362783,396,152
1363179,401,150
1363580,398,151
1363978,396,152
1364374,394,152
1364768,398,151
1365166,396,152
1365562,395,152
1365957,399,150
1366356,394,152
1366750,399,150
1367149,398,151
1367547,390,154
1367937,395,152
1368332,398,151
1368730,393,153
1369123,396,152
1369519,400,150
1369919,393,153
1370312,396,152
1370708,395,152
1371103,392,153
1371495,391,153
1371886,397,151
1372283,393,153
1372676,393,153
1373069,397,151
1373466,395,152
1373861,392,153
1374253,391,153
1374644,395,152
1375039,392,153
1375431,391,153
1375822,395,152
1376217,393,153
1376610,394,152
1377004,394,152
1377398,394,152
1377792,390,154
1378182,391,153
1378573,391,153
1378964,394,152
1379358,390,154
1379748,392,153
1380140,399,150
1380539,388,155
1380927,394,152
1381321,392,153
1381713,387,155
1382100,389,154
1382489,393,153
1382882,389,154
1383271,392,153
1383663,395,152
1384058,391,153
1384449,394,152
1384843,392,153
1385235,388,155
1385623,391,153
1386014,390,154
1386404,387,155
1386791,394,152
1387185,391,153
1387576,388,155
1387964,396,152
1388360,389,154
1388749,392,153
1389141,391,153
1389532,390,154
1389922,387,155
1390309,390,154
1390699,385,156
1391084,395,152
1391479,390,154
1391869,389,154
1392258,394,152
1392652,390,154
1393042,392,153
1393434,389,154
1393823,390,154
1394213,386,155
1394599,392,153
1394991,387,155
1395378,390,154
1395768,394,152
1396162,388,155
1396550,391,153
1396941,392,153
1397333,387,155
1397720,387,155
1398107,388,155
1398495,389,154
1398884,393,153
1399277,385,156
1399662,390,154
1400052,393,153
1400445,389,154
1400834,393,153
1401227,391,153
1401618,387,155
1402005,389,154
1402394,388,155
1402782,387,155
1403169,391,153
1403560,387,155
1403947,390,154
1404337,391,153
1404728,391,153
1405119,394,152
1405513,391,153
1405904,393,153
1406297,389,154
1406686,390,154
1407076,388,155
1407464,394,152
1407858,389,154
1408247,390,154
1408637,395,152
1409032,389,154
1409421,394,152
1409815,565,106
1410380,609,99
1410989,444,135
1411433,333,180
1411766,391,153
1412157,388,155
1412545,392,153
1412937,391,153
1413328,1176,51
1414504,783,77
1415287,386,155
1415673,1724,35
1417397,957,63
1418354,438,137
1418792,3953,15
1418450,392,153
1418842,392,153
1419234,391,153
1419625,383,157
1420008,394,152
1420402,388,155
1420790,391,153
1421181,394,152
1421575,388,155
1421963,396,152
1422359,392,153
1422751,392,153
1423143,390,154
1423533,393,153
1423926,386,155
1424312,392,153
1424704,392,153
1425096,389,154
1425485,393,153
1425878,394,152
1426272,388,155
1426660,394,152
1427054,391,153
1427445,386,155
1427831,392,153
1428223,390,154
1428613,387,155
1429000,393,153
1429393,388,155
1429781,393,153
1430174,392,153
1430566,389,154
1430955,387,155
1431342,391,153
1431733,386,155
1432119,388,155
1432507,386,155
1432893,389,154
1433282,391,153
1433673,387,155
1434060,393,153
1434453,391,153
1434844,391,153
1435235,389,154
1435624,391,153
1436015,386,155
1436401,388,155
1436789,388,155
1437177,390,154
1437567,386,155
1437953,393,153
1438346,391,153
1438737,389,154
1439126,394,152
1439520,389,154
1439909,392,153
1440301,390,154
1440691,390,154
1441081,385,156
1441466,389,154
1441855,388,155
1442243,390,154
1442633,391,153
1443024,387,155
1443411,392,153
1443803,391,153
1444194,388,155
1444582,393,153
1444975,389,154
1445364,385,156
1445749,390,154
1446139,384,156
1446523,387,155
1446910,387,155
1447297,388,155
1447685,384,156
1448069,393,153
1448462,388,155
1448850,388,155
1449238,393,153
1449631,388,155
1450019,393,153
1450412,390,154
1450802,384,156
1451186,386,155
1451572,389,154
1451961,385,156
1452346,391,153
1452737,386,155
1453123,389,154
1453512,392,153
1453904,387,155
1454291,391,153
1454682,390,154
1455072,390,154
1455462,384,156
1455846,390,154
1456236,385,156
1456621,384,156
1457005,385,156
1457390,388,155
1457778,386,155
1458164,388,155
1458552,389,154
1458941,389,154
1459330,389,154
1459719,388,155
1460107,389,154
1460496,383,157
1460879,386,155
1461265,385,156
1461650,388,155
1462038,385,156
1462423,388,155
1462811,388,155
1463199,389,154
1463588,391,153
1463979,387,155
1464366,393,153
1464759,390,154
1465149,385,156
1465534,385,156
1465919,390,154
1466309,387,155
1466696,386,155
1467082,385,156
1467467,392,153
1467859,389,154
1468248,388,155
1468636,393,153
1469029,390,154
1469419,389,154
1469808,391,153
1470199,392,153
1470591,388,155
1470979,386,155
1471365,386,155
1471751,390,154
1472141,390,154
1472531,388,155
1472919,388,155
1473307,391,153
1473698,392,153
1474090,390,154
1474480,393,153
1474873,393,153
1475266,388,155
1475654,387,155
1476041,392,153
1476433,389,154
1476822,387,155
1477209,389,154
1477598,391,153
1477989,389,154
1478378,390,154
1478768,393,153
1479161,390,154
1479551,393,153
1479944,390,154
1480334,385,156
1480719,388,155
1481107,390,154
1481497,386,155
1481883,390,154
1482273,392,153
1482665,387,155
1483052,393,153
1483445,392,153
1483837,390,154
1484227,389,154
1484616,391,153
1485007,385,156
1485392,387,155
1485779,386,155
1486165,390,154
1486555,386,155
1486941,392,153
1487333,388,155
1487721,387,155
1488108,394,152
1488502,386,155
1488888,390,154
1489278,387,155
1489665,388,155
1490053,383,157
1490436,389,154
1490825,387,155
1491212,389,154
1491601,385,156
1491986,389,154
1492375,389,154
1492764,388,155
1493152,391,153
1493543,389,154
1493932,389,154
1494321,385,156
1494706,391,153
1495097,387,155
1495484,381,157
1495865,385,156
1496250,390,154
1496640,385,156
1497025,389,154
1497414,389,154
1497803,386,155
1498189,392,153
1498581,389,154
1498970,388,155
1499358,390,154
1499748,391,153
1500139,387,155
1500526,384,156
1500910,384,156
1501294,388,155
1501682,385,156
1502067,387,155
1502454,384,156
1502838,392,153
1503230,389,154
1503619,386,155
1504005,392,153
1504397,390,154
1504787,389,154
1505176,390,154
1505566,391,153
1505957,387,155
1506344,385,156
1506729,384,156
1507113,392,153
1507505,387,155
1507892,386,155
1508278,389,154
1508667,390,154
1509057,389,154
1509446,390,154
1509836,393,153
1510229,388,155
1510617,393,153
1511010,391,153
1511401,385,156
1511786,386,155
1512172,388,155
1512560,386,155
1512946,388,155
1513334,389,154
1513723,387,155
1514110,389,154
1514499,389,154
1514888,389,154
1515277,388,155
1515665,391,153
1516056,387,155
1516443,387,155
1516830,388,155
1517218,386,155
1517604,382,157
1517986,389,154
1518375,384,156
1518759,387,155
1519146,384,156
1519530,387,155
1519917,388,155
1520305,389,154
1520694,389,154
1521083,389,154
1521472,390,154
1521862,384,156
1522246,388,155
1522634,386,155
1523020,388,155
1523408,383,157
1523791,390,154
1524181,383,157
1524564,388,155
1524952,385,156
1525337,389,154
1525726,386,155
1526112,388,155
1526500,388,155
1526888,388,155
1527276,391,153
1527667,385,156
1528052,393,153
1528445,386,155
1528831,386,155
1529217,385,156
1529602,388,155
1529990,382,157
1530372,390,154
1530762,384,156
1531146,387,155
1531533,388,155
1531921,384,156
1532305,390,154
1532695,388,155
1533083,388,155
1533471,387,155
1533858,392,153
1534250,385,156
1534635,386,155
1535021,383,157
1535404,385,156
1535789,382,157
1536171,387,155
1536558,384,156
1536942,386,155
1537328,387,155
1537715,383,157
1538098,388,155
1538486,386,155
1538872,389,154
1539261,388,155
1539649,386,155
1540035,387,155
1540422,387,155
1540809,383,157
1541192,382,157
1541574,382,157
1541956,386,155
1542342,384,156
1542726,384,156
1543110,381,157
1543491,388,155
1543879,385,156
1544264,383,157
1544647,390,154
1545037,386,155
1545423,391,153
1545814,386,155
1546200,387,155
1546587,390,154
1546977,384,156
1547361,384,156
1547745,387,155
1548132,383,157
1548515,385,156
1548900,387,155
1549287,385,156
1549672,384,156
1550056,389,154
1550445,388,155
1550833,386,155
1551219,393,153
1551612,386,155
1551998,389,154
1552387,387,155
1552774,387,155
1553161,382,157
1553543,388,155
1553931,383,157
1554314,383,157
1554697,384,156
1555081,388,155
1555469,385,156
1555854,386,155
1556240,387,155
1556627,387,155
1557014,389,154
1557403,388,155
1557791,387,155
1558178,390,154
1558568,385,156
1558953,384,156
1559337,383,157
1559720,381,157
1560101,771,78
1560872,387,155
1561259,384,156
1561643,389,154
1562032,387,155
1562419,385,156
1562804,389,154
1563193,389,154
1563582,387,155
1563969,388,155
1564357,391,153
1564748,386,155
1565134,386,155
1565520,384,156
1565904,384,156
1566288,384,156
1566672,386,155
1567058,382,157
1567440,388,155
1567828,386,155
1568214,386,155
1568600,387,155
1568987,386,155
1569373,387,155
1569760,387,155
1570147,388,155
1570535,386,155
1570921,389,154
1571310,385,156
1571695,384,156
1572079,382,157
1572461,388,155
1572849,383,157
1573232,384,156
1573616,386,155
1574002,387,155
1574389,388,155
1574777,386,155
1575163,388,155
1575551,388,155
1575939,391,153
1576330,388,155
1576718,389,154
1577107,388,155
1577495,392,153
1577887,387,155
1578274,385,156
1578659,384,156
1579043,387,155
1579430,383,157
1579813,390,154
1580203,384,156
1580587,386,155
1580973,387,155
1581360,386,155
1581746,387,155
1582133,386,155
1582519,389,154
1582908,387,155
1583295,389,154
1583684,386,155
1584070,390,154
1584460,385,156
1584845,386,155
1585231,383,157
1585614,385,156
1585999,382,157
1586381,386,155
1586767,382,157
1587149,385,156
1587534,382,157
1587916,387,155
1588303,382,157
1588685,389,154
1589074,386,155
1589460,385,156
1589845,389,154
1590234,384,156
1590618,388,155
1591006,388,155
1591394,387,155
1591781,386,155
1592167,389,154
1592556,384,156
1592940,385,156
1593325,385,156
1593710,386,155
1594096,382,157
1594478,387,155
1594865,389,154
1595254,387,155
1595641,385,156
1596026,392,153
1596418,389,154
1596807,388,155
1597195,396,152
1597591,389,154
1597980,393,153
1598373,390,154
1598763,390,154
1599153,388,155
1599541,394,152
1599935,387,155
1600322,392,153
1600714,391,153
1601105,390,154
1601495,393,153
1601888,388,155
1602276,395,152
1602671,391,153
1603062,391,153
1603453,392,153
1603845,396,152
1604241,388,155
1604629,390,154
1605019,386,155
1605405,390,154
1605795,387,155
1606182,390,154
1606572,390,154
1606962,389,154
1607351,391,153
1607742,389,154
1608131,393,153
1608524,389,154
1608913,393,153
1609306,387,155
1609693,385,156
1610078,391,153
1610469,389,154
1610858,385,156
1611243,777,77
1612020,386,155
1612406,386,155
1612792,391,153
1613183,390,154
1613573,387,155
1613960,394,152
1614354,388,155
1614742,389,154
1615131,332,181
1615463,447,134
1615910,386,155
1616296,388,155
1616684,385,156
1617069,388,155
1617457,386,155
1617843,390,154
1618233,387,155
1618620,389,154
1619009,390,154
1619399,389,154
1619788,391,153
1620179,390,154
1620569,392,153
1620961,391,153
1621352,385,156
1621737,387,155
1622124,389,154
1622513,386,155
1622899,387,155
1623286,386,155
1623672,390,154
1624062,387,155
1624449,391,153
1624840,392,153
1625232,388,155
1625620,394,152
1626014,393,153
1626407,390,154
1626797,386,155
1627183,396,152
1627579,391,153
1627970,387,155
1628357,388,155
1628745,392,153
1629137,387,155
1629524,395,152
1629919,391,153
1630310,390,154
1630700,395,152
1631095,389,154
1631484,394,152
1631878,390,154
1632268,390,154
1632658,388,155
1633046,391,153
1633437,386,155
1633823,391,153
1634214,386,155
1634600,390,154
1634990,389,154
1635379,387,155
1635766,389,154
1636155,391,153
1636546,390,154
1636936,386,155
1637322,392,153
1637714,385,156
1638099,388,155
1638487,386,155
1638873,385,156
1639258,383,157
1639641,388,155
1640029,383,157
1640412,390,154
1640802,386,155
1641188,386,155
1641574,390,154
1641964,388,155
1642352,390,154
1642742,388,155
1643130,390,154
1643520,388,155
1643908,388,155
1644296,384,156
1644680,771,78
1645451,388,155
1645839,386,155
1646225,386,155
1646611,388,155
1646999,390,154
1647389,388,155
1647777,389,154
1648166,391,153
1648557,389,154
1648946,390,154
1649336,387,155
1649723,387,155
1650110,384,156
1650494,384,156
1650878,387,155
1651265,389,154
1651654,386,155
1652040,387,155
1652427,392,153
1652819,386,155
1653205,538,112
1653743,627,96
1654370,386,155
1654756,422,142
1655178,1130,53
1656308,778,77
1657086,392,153
1657478,390,154
1657868,386,155
1658254,388,155
1658642,387,155
1659029,385,156
1659414,384,156
1659798,391,153
1660189,386,155
1660575,387,155
1660962,392,153
1661354,389,154
1661743,388,155
1662131,392,153
1662523,390,154
1662913,386,155
1663299,388,155
1663687,387,155
1664074,384,156
1664458,385,156
1664843,389,154
1665232,390,154
1665622,385,156
1666007,391,153
1666398,388,155
1666786,391,153
1667177,389,154
1667566,392,153
1667958,387,155
1668345,390,154
1668735,385,156
1669120,386,155
1669506,386,155
1669892,388,155
1670280,385,156
1670665,392,153
1671057,388,155
1671445,389,154
1671834,392,153
1672226,387,155
1672613,391,153
1673004,391,153
1673395,391,153
1673786,390,154
1674176,389,154
1674565,386,155
1674951,386,155
1675337,385,156
1675722,387,155
1676109,386,155
1676495,775,77
1677270,390,154
1677660,391,153
1678051,388,155
1678439,393,153
1678832,389,154
1679221,390,154
1679611,393,153
1680004,391,153
1680395,390,154
1680785,390,154
1681175,386,155
1681561,390,154
1681951,385,156
1682336,390,154
1682726,387,155
1683113,393,153
1683506,388,155
1683894,390,154
1684284,392,153
1684676,388,155
1685064,394,152
1685458,390,154
1685848,391,153
1686239,390,154
1686629,389,154
1687018,386,155
1687404,389,154
1687793,387,155
1688180,385,156
1688565,388,155
1688953,390,154
1689343,388,155
1689731,462,130
1690193,319,188
1690512,391,153
1690903,394,152
1691297,391,153
1691688,390,154
1692078,393,153
1692471,392,153
1692863,391,153
1693254,388,155
1693642,390,154
1694032,390,154
1694422,390,154
1694812,442,136
1695254,1118,54
1696372,254,236
1696626,443,135
1697069,649,92
1697718,382,157
1698100,681,88
1698781,362,166
1699143,1954,31
1701097,392,153
1701489,389,154
1701878,394,152
1702272,392,153
1702664,395,152
1703059,394,152
1703453,392,153
1703845,396,152
1704241,390,154
1704631,395,152
1705026,392,153
1705418,390,154
1705808,391,153
1706199,392,153
1706591,390,154
1706981,395,152
1707376,393,153
1707769,394,152
1708163,396,152
1708559,392,153
1708951,397,151
1709348,396,152
1709744,397,151
1710141,393,153
1710534,391,153
1710925,391,153
1711316,393,153
1711709,391,153
1712100,396,152
1712496,394,152
1712890,395,152
1713285,398,151
1713683,395,152
1714078,396,152
1714474,398,151
1714872,395,152
1715267,392,153
1715659,396,152
1716055,394,152
1716449,393,153
1716842,393,153
1717235,396,152
1717631,396,152
1718027,395,152
1718422,397,151
1718819,397,151
1719216,398,151
1719614,396,152
1720010,396,152
1720406,394,152
1720800,396,152
1721196,392,153
1721588,396,152
1721984,396,152
1722380,396,152
1722776,399,150
1723175,395,152
1723570,402,149
1723972,396,152
1724368,397,151
1724765,397,151
1725162,396,152
1725558,393,153
1725951,397,151
1726348,392,153
1726740,396,152
1727136,396,152
1727532,395,152
1727927,398,151
1728325,396,152
1728721,397,151
1729118,399,150
1729517,396,152
1729913,396,152
1730309,396,152
1730705,392,153
1731097,395,152
1731492,395,152
1731887,395,152
1732282,393,153
1732675,398,151
1733073,395,152
1733468,396,152
1733864,399,150
1734263,396,152
1734659,399,150
1735058,396,152
1735454,394,152
1735848,395,152
1736243,394,152
1736637,391,153
1737028,397,151
1737425,395,152
1737820,396,152
1738216,396,152
1738612,396,152
1739008,400,150
1739408,393,153
1739801,397,151
1740198,395,152
1740593,394,152
1740987,393,153
1741380,396,152
1741776,393,153
1742169,394,152
1742563,396,152
1742959,394,152
1743353,398,151
1743751,395,152
1744146,397,151
1744543,399,150
1744942,397,151
1745339,394,152
1745733,396,152
1746129,390,154
1746519,395,152
1746914,395,152
1747309,396,152
1747705,395,152
1748100,396,152
1748496,396,152
1748892,397,151
1749289,398,151
1749687,397,151
1750084,395,152
1750479,396,152
1750875,396,152
1751271,393,153
1751664,397,151
1752061,395,152
1752456,397,151
1752853,398,151
1753251,396,152
1753647,401,150
1754048,396,152
1754444,399,150
1754843,396,152
1755239,397,151
1755636,396,152
1756032,398,151
1756430,394,152
1756824,397,151
1757221,398,151
1757619,396,152
1758015,403,149
1758418,398,151
1758816,400,150
1759216,399,150
1759615,397,151
1760012,397,151
1760409,398,151
1760807,396,152
1761203,399,150
1761602,400,150
1762002,396,152
1762398,403,149
1762801,399,150
1763200,399,150
1763599,397,151
1763996,399,150
1764395,396,152
1764791,398,151
1765189,398,151
1765587,398,151
1765985,402,149
1766387,398,151
1766785,402,149
1767187,399,150
1767586,397,151
1767983,396,152
1768379,399,150
1768778,395,152
1769173,399,150
1769572,398,151
1769970,399,150
1770369,401,150
1770770,398,151
1771168,402,149
1771570,399,150
1771969,397,151
1772366,397,151
1772763,396,152
1773159,396,152
1773555,400,150
1773955,397,151
1774352,398,151
1774750,401,150
1775151,398,151
1775549,401,150
1775950,399,150
1776349,396,152
1776745,397,151
1777142,397,151
1777539,395,152
1777934,401,150
1778335,398,151
1778733,400,150
1779133,401,150
1779534,399,150
1779933,403,149
1780336,399,150
1780735,399,150
1781134,399,150
1781533,398,151
1781931,396,152
1782327,401,150
1782728,399,150
1783127,401,150
1783528,403,149
1783931,399,150
1784330,406,148
1784736,399,150
1785135,399,150
1785534,402,149
1785936,399,150
1786335,396,152
1786731,402,149
1787133,401,150
1787534,400,150
1787934,403,149
1788337,401,150
1788738,404,149
1789142,397,151
1789539,400,150
1789939,401,150
1790340,401,150
1790741,398,151
1791139,403,149
1791542,402,149
1791944,401,150
1792345,403,149
1792748,404,149
1793152,404,149
1793556,404,149
1793960,401,150
1794361,402,149
1794763,400,150
1795163,401,150
1795564,404,149
1795968,401,150
1796369,404,149
1796773,407,147
1797180,405,148
1797585,407,147
1797992,404,149
1798396,404,149
1798800,402,149
1799202,403,149
1799605,404,149
1800009,406,148
1800415,405,148
1800820,406,148
1801226,408,147
1801634,405,148
1802039,412,146
1802451,404,149
1802855,405,148
1803260,404,149
1803664,406,148
1804070,406,148
1804476,407,147
1804883,408,147
1805291,408,147
1805699,408,147
1806107,408,147
1806515,410,146
1806925,405,148
1807330,407,147
1807737,409,147
1808146,409,147
1808555,410,146
1808965,410,146
1809375,414,145
1809789,412,146
1810201,413,145
1810614,413,145
1811027,410,146
1811437,408,147
1811845,411,146
1812256,411,146
1812667,412,146
1813079,417,144
1813496,410,146
1813906,416,144
1814322,410,146
1814732,409,147
1815141,411,146
1815552,410,146
1815962,414,145
1816376,410,146
1816786,412,146
1817198,413,145
1817611,410,146
1818021,410,146
1818431,409,147
1818840,409,147
1819249,411,146
1819660,414,145
1820074,409,147
1820483,415,145
1820898,411,146
1821309,407,147
1821716,409,147
1822125,409,147
1822534,408,147
1822942,412,146
1823354,412,146
1823766,408,147
1824174,411,146
1824585,409,147
1824994,409,147
1825403,407,147
1825810,410,146
1826220,409,147
1826629,411,146
1827040,413,145
1827453,410,146
1827863,413,145
1828276,411,146
1828687,407,147
1829094,410,146
1829504,410,146
1829914,407,147
1830321,413,145
1830734,410,146
1831144,411,146
1831555,412,146
1831967,410,146
1832377,409,147
1832786,409,147
1833195,409,147
1833604,410,146
1834014,410,146
1834424,414,145
1834838,412,146
1835250,411,146
1835661,411,146
1836072,410,146
1836482,406,148
1836888,412,146
1837300,407,147
1837707,411,146
1838118,412,146
1838530,410,146
1838940,414,145
1839354,410,146
1839764,409,147
1840173,409,147
1840582,410,146
1840992,410,146
1841402,412,146
1841814,412,146
1842226,411,146
1842637,414,145
1843051,407,147
1843458,413,145
1843871,408,147
1844279,411,146
1844690,414,145
1845104,412,146
1845516,415,145
1845931,413,145
1846344,409,147
1846753,410,146
1847163,411,146
1847574,411,146
1847985,415,145
1848400,413,145
1848813,413,145
1849226,414,145
1849640,409,147
1850049,414,145
1850463,408,147
1850871,411,146
1851282,412,146
1851694,412,146
1852106,417,144
1852523,413,145
1852936,415,145
1853351,411,146
1853762,413,145
1854175,416,144
1854591,418,144
1855009,416,144
1855425,414,145
1855839,414,145
1856253,413,145
1856666,415,145
1857081,415,145
1857496,415,145
1857911,419,143
1858330,414,145
1858744,414,145
1859158,414,145
1859572,411,146
1859983,413,145
1860396,413,145
1860809,419,143
1861228,413,145
1861641,416,144
1862057,412,146
1862469,413,145
1862882,411,146
1863293,417,144
1863710,413,145
1864123,415,145
1864538,417,144
1864955,414,145
1865369,415,145
1865784,410,146
1866194,413,145
1866607,414,145
1867021,411,146
1867432,418,144
1867850,410,146
1868260,417,144
1868677,411,146
1869088,412,146
1869500,410,146
1869910,413,145
1870323,414,145
1870737,413,145
1871150,414,145
1871564,414,145
1871978,415,145
1872393,408,147
1872801,414,145
1873215,413,145
1873628,411,146
1874039,415,145
1874454,412,146
1874866,416,144
1875282,410,146
1875692,411,146
1876103,411,146
1876514,410,146
1876924,413,145
1877337,411,146
1877748,412,146
1878160,414,145
1878574,412,146
1878986,405,148
1879391,411,146
1879802,411,146
1880213,409,147
1880622,411,146
1881033,410,146
1881443,411,146
1881854,409,147
1882263,411,146
1882674,406,148
1883080,409,147
1883489,408,147
1883897,408,147
1884305,411,146
1884716,412,146
1885128,409,147
1885537,411,146
1885948,409,147
1886357,407,147
1886764,407,147
1887171,409,147
1887580,408,147
1887988,413,145
1888401,409,147
1888810,412,146
1889222,408,147
1889630,409,147
1890039,407,147
1890446,407,147
1890853,406,148
1891259,412,146
1891671,413,145
1892084,407,147
1892491,411,146
1892902,410,146
1893312,408,147
1893720,405,148
1894125,409,147
1894534,405,148
1894939,412,146
1895351,409,147
1895760,408,147
1896168,408,147
1896576,409,147
1896985,407,147
1897392,406,148
1897798,406,148
1898204,408,147
1898612,407,147
1899019,410,146
1899429,409,147
1899838,411,146
1900249,407,147
1900656,406,148
1901062,407,147
1901469,406,148
1901875,410,146
1902285,406,148
1902691,410,146
1903101,409,147
1903510,408,147
1903918,404,149
1904322,408,147
1904730,402,149
1905132,407,147
1905539,409,147
1905948,405,148
1906353,322,186
1906675,470,128
1907145,415,145
1907560,406,148
1907966,406,148
1908372,404,149
1908776,410,146
1909186,405,148
1909591,407,147
1909998,410,146
1910408,406,148
1910814,410,146
1911224,405,148
1911629,405,148
1912034,403,149
1912437,407,147
1912844,408,147
1913252,408,147
1913660,408,147
1914068,408,147
1914476,408,147
1914884,405,148
1915289,411,146
1915700,400,150
1916100,408,147
1916508,406,148
1916914,406,148
1917320,412,146
1917732,408,147
1918140,403,149
1918543,406,148
1918949,407,147
1919356,404,149
1919760,817,73
1920577,408,147
1920985,409,147
1921394,408,147
1921802,405,148
1922207,406,148
1922613,406,148
1923019,404,149
1923423,409,147
1923832,409,147
1924241,409,147
1924650,408,147
1925058,407,147
1925465,407,147
1925872,405,148
1926277,408,147
1926685,406,148
1927091,407,147
1927498,409,147
1927907,407,147
1928314,412,146
1928726,407,147
1929133,406,148
1929539,407,147
1929946,406,148
1930352,404,149
1930756,409,147
1931165,406,148
1931571,408,147
1931979,409,147
1932388,411,146
1932799,407,147
1933206,406,148
1933612,405,148
1934017,406,148
1934423,410,146
1934833,405,148
1935238,818,73
1936056,407,147
1936463,407,147
1936870,405,148
1937275,406,148
1937681,407,147
1938088,403,149
1938491,407,147
1938898,409,147
1939307,408,147
1939715,404,149
1940119,407,147
1940526,405,148
1940931,869,69
1941800,454,132
1942254,1680,36
1943934,1939,31
1945873,1552,39
1947425,409,147
1947834,411,146
1948245,407,147
1948652,410,146
1949062,406,148
1949468,405,148
1949873,404,149
1950277,405,148
1950682,406,148
1951088,406,148
1951494,407,147
1951901,406,148
1952307,409,147
1952716,401,150
1953117,406,148
1953523,401,150
1953924,403,149
1954327,407,147
1954734,403,149
1955137,410,146
1955547,405,148
1955952,408,147
1956360,404,149
1956764,405,148
1957169,401,150
1957570,407,147
1957977,405,148
1958382,404,149
1958786,410,146
1959196,404,149
1959600,409,147
1960009,406,148
1960415,404,149
1960819,404,149
1961223,406,148
1961629,404,149
1962033,408,147
1962441,409,147
1962850,408,147
1963258,408,147
1963666,407,147
1964073,405,148
1964478,410,146
1964888,408,147
1965296,414,145
1965710,411,146
1966121,417,144
1966538,410,146
1966948,415,145
1967363,409,147
1967772,413,145
1968185,414,145
1968599,412,146
1969011,418,144
1969429,413,145
1969842,415,145
1970257,412,146
1970669,413,145
1971082,411,146
1971493,415,145
1971908,412,146
1972320,415,145
1972735,413,145
1973148,411,146
1973559,413,145
1973972,409,147
1974381,409,147
1974790,413,145
1975203,408,147
1975611,415,145
1976026,411,146
1976437,410,146
1976847,409,147
1977256,409,147
1977665,407,147
1978072,411,146
1978483,408,147
1978891,408,147
1979299,414,145
1979713,407,147
1980120,409,147
1980529,407,147
1980936,407,147
1981343,405,148
1981748,407,147
1982155,411,146
1982566,407,147
1982973,406,148
1983379,410,146
1983789,407,147
1984196,406,148
1984602,406,148
1985008,406,148
1985414,409,147
1985823,411,146
1986234,408,147
1986642,411,146
1987053,409,147
1987462,407,147
1987869,407,147
1988276,412,146
1988688,410,146
1989098,412,146
1989510,414,145
1989924,413,145
1990337,410,146
1990747,409,147
1991156,410,146
1991566,407,147
1991973,411,146
1992384,411,146
1992795,408,147
1993203,416,144
1993619,407,147
1994026,409,147
1994435,410,146
1994845,406,148
1995251,406,148
1995657,410,146
1996067,407,147
1996474,407,147
1996881,412,146
1997293,406,148
1997699,409,147
1998108,406,148
1998514,405,148
1998919,406,148
1999325,406,148
1999731,409,147
2000140,407,147
2000547,407,147
2000954,409,147
2001363,407,147
2001770,403,149
2002173,408,147
2002581,404,149
2002985,404,149
2003389,409,147
2003798,404,149
2004202,409,147
2004611,402,149
2005013,408,147
2005421,403,149
2005824,386,155
2006210,426,141
2006636,404,149
2007040,408,147
2007448,407,147
2007855,405,148
2008260,405,148
2008665,404,149
2009069,402,149
2009471,405,148
2009876,405,148
2010281,403,149
2010684,411,146
2011095,403,149
2011498,410,146
2011908,404,149
2012312,404,149
2012716,403,149
2013119,402,149
2013521,408,147
2013929,406,148
2014335,407,147
2014742,408,147
2015150,406,148
2015556,401,150
2015957,404,149
2016361,401,150
2016762,406,148
2017168,404,149
2017572,407,147
2017979,408,147
2018387,403,149
2018790,406,148
2019196,401,150
2019597,405,148
2020002,407,147
2020409,403,149
2020812,409,147
2021221,407,147
2021628,405,148
2022033,407,147
2022440,405,148
2022845,402,149
2023247,408,147
2023655,403,149
2024058,406,148
2024464,410,146
2024874,406,148
2025280,409,147
2025689,407,147
2026096,404,149
2026500,404,149
2026904,404,149
2027308,407,147
2027715,406,148
2028121,407,147
2028528,407,147
2028935,407,147
2029342,403,149
2029745,408,147
2030153,402,149
2030555,405,148
2030960,407,147
2031367,404,149
2031771,411,146
2032182,407,147
2032589,406,148
2032995,406,148
2033401,405,148
2033806,402,149
2034208,406,148
2034614,406,148
2035020,403,149
2035423,410,146
2035833,405,148
2036238,408,147
2036646,405,148
2037051,403,149
2037454,402,149
2037856,404,149
2038260,403,149
2038663,409,147
2039072,405,148
2039477,406,148
2039883,409,147
2040292,406,148
2040698,406,148
2041104,404,149
2041508,403,149
2041911,405,148
2042316,406,148
2042722,409,147
2043131,408,147
2043539,406,148
2043945,408,147
2044353,408,147
2044761,402,149
2045163,408,147
2045571,403,149
2045974,405,148
2046379,408,147
2046787,405,148
2047192,411,146
2047603,404,149
2048007,406,148
2048413,405,148
2048818,405,148
2049223,404,149
2049627,408,147
2050034,406,148
2050440,406,148
2050847,412,146
2051259,404,149
2051663,410,146
2052072,404,149
2052476,405,148
2052882,403,149
2053284,407,147
2053692,406,148
2054098,406,148
2054504,409,147
2054913,407,147
2055320,408,147
2055728,402,149
2056130,409,147
2056539,402,149
2056940,406,148
2057347,409,147
2057755,405,148
2058161,412,146
2058572,406,148
2058978,408,147
2059387,406,148
2059793,407,147
2060199,403,149
2060603,408,147
2061011,406,148
2061417,407,147
2061824,412,146
2062235,407,147
2062643,410,146
2063053,407,147
2063460,407,147
2063867,405,148
2064272,406,148
2064678,408,147
2065085,408,147
2065494,411,146
2065905,409,147
2066313,408,147
2066722,405,148
2067127,409,147
2067536,403,149
2067938,407,147
2068346,409,147
2068755,407,147
2069161,412,146
2069574,408,147
2069982,411,146
2070393,405,148
2070797,409,147
2071206,406,148
2071612,410,146
2072023,409,147
2072431,407,147
2072839,416,144
2073255,408,147
2073663,410,146
2074072,410,146
2074483,405,148
2074888,407,147
2075295,412,146
2075706,407,147
2076114,410,146
2076524,410,146
2076934,408,147
2077342,410,146
2077752,406,148
2078158,406,148
2078563,408,147
2078972,407,147
2079379,411,146
2079790,410,146
2080199,409,147
2080609,404,149
2081013,410,146
2081422,402,149
2081824,406,148
2082231,407,147
2082638,406,148
2083043,410,146
2083454,406,148
2083860,408,147
2084268,402,149
2084670,407,147
2085077,403,149
2085480,404,149
2085884,406,148
2086290,404,149
2086694,410,146
2087103,406,148
2087510,408,147
2087918,401,150
2088319,405,148
2088724,403,149
2089127,409,147
2089536,403,149
2089938,405,148
2090344,409,147
2090753,407,147
2091159,406,148
2091565,401,150
2091967,408,147
2092375,402,149
2092777,405,148
2093181,404,149
2093585,405,148
2093991,409,147
2094400,406,148
2094806,407,147
2095213,404,149
2095617,406,148
2096023,402,149
2096425,408,147
2096833,405,148
2097238,405,148
2097643,410,146
2098053,406,148
2098459,409,147
2098868,405,148
2099273,403,149
2099676,403,149
2100079,405,148
2100484,403,149
2100887,405,148
2101292,409,147
2101701,404,149
2102105,408,147
2102513,402,149
2102915,403,149
2103318,403,149
2103721,407,147
2104128,402,149
2104530,406,148
2104936,410,146
2105346,402,149
2105748,409,147
2106157,403,149
2106560,404,149
2106964,404,149
2107368,404,149
2107772,405,148
2108177,407,147
2108584,409,147
2108993,406,148
2109399,409,147
2109808,401,150
2110209,409,147
2110618,402,149
2111020,406,148
2111426,409,147
2111835,404,149
2112239,412,146
2112651,404,149
2113055,406,148
2113461,403,149
2113864,403,149
2114267,405,148
2114672,404,149
2115076,406,148
2115482,405,148
2115887,408,147
2116295,406,148
2116701,407,147
2117108,400,150
2117508,406,148
2117914,400,150
2118314,401,150
2118715,405,148
2119120,403,149
2119523,407,147
2119930,403,149
2120333,405,148
2120738,401,150
2121139,402,149
2121541,400,150
2121941,403,149
2122344,401,150
2122745,404,149
2123149,405,148
2123554,402,149
2123956,404,149
2124360,403,149
2124763,400,150
2125163,401,150
2125564,401,150
2125965,401,150
2126366,404,149
2126770,402,149
2127172,403,149
2127575,409,147
2127984,403,149
2128387,406,148
2128793,401,150
2129194,404,149
2129598,401,150
2129999,404,149
2130403,402,149
2130805,406,148
2131211,405,148
2131616,405,148
2132021,406,148
2132427,400,150
2132827,405,148
2133232,401,150
2133633,403,149
2134036,406,148
2134442,405,148
2134847,409,147
2135256,405,148
2135661,408,147
2136069,405,148
2136474,406,148
2136880,404,149
2137284,406,148
2137690,407,147
2138097,407,147
2138504,412,146
2138916,405,148
2139321,412,146
2139733,406,148
2140139,407,147
2140546,408,147
2140954,407,147
2141361,408,147
2141769,411,146
2142180,410,146
2142590,411,146
2143001,410,146
2143411,407,147
2143818,409,147
2144227,406,148
2144633,410,146
2145043,411,146
2145454,410,146
2145864,414,145
2146278,409,147
2146687,409,147
2147096,412,146
2147508,407,147
2147915,409,147
2148324,410,146
2148734,410,146
2149144,411,146
2149555,414,145
2149969,410,146
2150379,416,144
2150795,414,145
2151209,415,145
2151624,414,145
2152038,418,144
2152456,414,145
2152870,414,145
2153284,413,145
2153697,413,145
2154110,417,144
2154527,413,145
2154940,418,144
2155358,417,144
2155775,414,145
2156189,414,145
2156603,416,144
2157019,413,145
2157432,416,144
2157848,418,144
2158266,413,145
2158679,419,143
2159098,415,145
2159513,413,145
2159926,414,145
2160340,414,145
2160754,418,144
2161172,417,144
2161589,415,145
2162004,419,143
2162423,416,144
2162839,415,145
2163254,415,145
2163669,416,144
2164085,417,144
2164502,420,143
2164922,267,225
2165189,427,141
2165616,553,108
2166169,413,145
2166582,415,145
2166997,413,145
2167410,835,72
2168245,415,145
2168660,414,145
2169074,414,145
2169488,414,145
2169902,417,144
2170319,415,145
2170734,419,143
2171153,424,142
2171577,1249,48
2172826,415,145
2173241,418,144
2173659,415,145
2174074,420,143
2174494,414,145
2174908,412,146
2175320,414,145
2175734,834,72
2176568,336,179
2176904,498,120
2177402,414,145
2177816,418,144
2178234,415,145
2178649,411,146
2179060,419,143
2179479,421,143
2179900,1417,42
2181317,258,233
2181575,413,145
2181988,660,91
2182648,349,172
2182997,397,151
2183394,2328,26
2181427,343,175
2181770,493,122
2182263,418,144
2182681,410,146
2183091,606,99
2183697,850,71
2184547,621,97
2185168,824,73
2185992,416,144
2186408,286,210
2186694,343,175
2187037,612,98
2187649,419,143
2188068,410,146
2188478,416,144
2188894,412,146
2189306,414,145
2189720,414,145
2190134,416,144
2190550,415,145
2190965,409,147
2191374,412,146
2191786,412,146
2192198,408,147
2192606,414,145
2193020,411,146
2193431,411,146
2193842,413,145
2194255,407,147
2194662,412,146
2195074,409,147
2195483,407,147
2195890,409,147
2196299,410,146
2196709,411,146
2197120,408,147
2197528,412,146
2197940,408,147
2198348,409,147
2198757,407,147
2199164,414,145
2199578,407,147
2199985,412,146
2200397,415,145
2200812,410,146
2201222,410,146
2201632,409,147
2202041,407,147
2202448,412,146
2202860,410,146
2203270,415,145
2203685,409,147
2204094,414,145
2204508,405,148
2204913,410,146
2205323,409,147
2205732,413,145
2206145,410,146
2206555,412,146
2206967,411,146
2207378,412,146
2207790,411,146
2208201,408,147
2208609,408,147
2209017,413,145
2209430,409,147
2209839,413,145
2210252,412,146
2210664,409,147
2211073,411,146
2211484,409,147
2211893,408,147
2212301,409,147
2212710,418,144
2213128,406,148
2213534,414,145
2213948,408,147
2214356,408,147
2214764,407,147
2215171,410,146
2215581,410,146
2215991,410,146
2216401,413,145
2216814,410,146
2217224,413,145
2217637,407,147
2218044,406,148
2218450,407,147
2218857,820,73
2219677,408,147
2220085,410,146
2220495,412,146
2220907,409,147
2221316,405,148
2221721,409,147
2222130,409,147
2222539,407,147
2222946,414,145
2223360,409,147
2223769,410,146
2224179,408,147
2224587,408,147
2224995,406,148
2225401,409,147
2225810,409,147
2226219,408,147
2226627,415,145
2227042,407,147
2227449,410,146
2227859,410,146
2228269,408,147
2228677,409,147
2229086,406,148
2229492,408,147
2229900,411,146
2230311,410,146
2230721,411,146
2231132,409,147
2231541,404,149
2231945,410,146
2232355,402,149
2232757,413,145
2233170,405,148
2233575,407,147
2233982,414,145
2234396,408,147
2234804,404,149
2235208,407,147
2235615,407,147
2236022,406,148
2236428,410,146
2236838,405,148
2237243,408,147
2237651,411,146
2238062,408,147
2238470,403,149
2238873,405,148
2239278,404,149
2239682,405,148
2240087,410,146
2240497,406,148
2240903,410,146
2241313,408,147
2241721,404,149
2242125,408,147
2242533,403,149
2242936,405,148
2243341,403,149
2243744,405,148
2244149,407,147
2244556,407,147
2244963,403,149
2245366,410,146
2245776,406,148
2246182,401,150
2246583,406,148
2246989,404,149
2247393,405,148
2247798,410,146
2248208,409,147
2248617,408,147
2249025,405,148
2249430,406,148
2249836,403,149
2250239,407,147
2250646,406,148
2251052,406,148
2251458,408,147
2251866,406,148
2252272,410,146
2252682,408,147
2253090,403,149
2253493,403,149
2253896,405,148
2254301,399,150
2254700,410,146
2255110,404,149
2255514,402,149
2255916,411,146
2256327,406,148
2256733,401,150
2257134,401,150
2257535,404,149
2257939,401,150
2258340,403,149
2258743,404,149
2259147,403,149
2259550,408,147
2259958,402,149
2260360,404,149
2260764,405,148
2261169,403,149
2261572,398,151
2261970,402,149
2262372,401,150
2262773,401,150
2263174,404,149
2263578,400,150
2263978,408,147
2264386,402,149
2264788,403,149
2265191,405,148
2265596,400,150
2265996,400,150
2266396,402,149
2266798,398,151
2267196,401,150
2267597,403,149
2268000,401,150
2268401,405,148
2268806,403,149
2269209,403,149
2269612,404,149
2270016,401,150
2270417,399,150
2270816,400,150
2271216,400,150
2271616,401,150
2272017,401,150
2272418,404,149
2272822,404,149
2273226,402,149
2273628,405,148
2274033,403,149
2274436,400,150
2274836,402,149
2275238,401,150
2275639,398,151
2276037,403,149
2276440,405,148
2276845,401,150
2277246,406,148
2277652,402,149
2278054,403,149
2278457,401,150
2278858,404,149
2279262,398,151
2279660,400,150
2280060,402,149
2280462,401,150
2280863,401,150
2281264,404,149
2281668,406,148
2282074,402,149
2282476,407,147
2282883,400,150
2283283,399,150
2283682,401,150
2284083,401,150
2284484,400,150
2284884,403,149
2285287,404,149
2285691,403,149
2286094,404,149
2286498,403,149
2286901,402,149
2287303,401,150
2287704,398,151
2288102,400,150
2288502,401,150
2288903,400,150
2289303,402,149
2289705,399,150
2290104,806,74
2290910,396,152
2291306,402,149
2291708,398,151
2292106,402,149
2292508,399,150
2292907,402,149
2293309,403,149
2293712,401,150
2294113,408,147
2294521,402,149
2294923,402,149
2295325,400,150
2295725,401,150
2296126,399,150
2296525,402,149
2296927,401,150
2297328,404,149
2297732,406,148
2298138,400,150
2298538,405,148
2298943,404,149
2299347,399,150
2299746,401,150
2300147,402,149
2300549,399,150
2300948,404,149
2301352,403,149
2301755,403,149
2302158,408,147
2302566,401,150
2302967,408,147
2303375,403,149
2303778,403,149
2304181,403,149
2304584,404,149
2304988,402,149
2305390,406,148
2305796,404,149
2306200,406,148
2306606,409,147
2307015,403,149
2307418,816,74
2308234,403,149
2308637,402,149
2309039,487,123
2309526,328,183
2309854,404,149
2310258,409,147
2310667,404,149
2311071,409,147
2311480,403,149
2311883,408,147
2312291,410,146
2312701,407,147
2313108,413,145
2313521,411,146
2313932,417,144
2314349,407,147
2314756,415,145
2315171,411,146
2315582,410,146
2315992,411,146
2316403,413,145
2316816,414,145
2317230,414,145
2317644,412,146
2318056,417,144
2318473,412,146
2318885,409,147
2319294,417,144
2319711,409,147
2320120,416,144
2320536,416,144
2320952,411,146
2321363,417,144
2321780,409,147
2322189,823,73
2323012,410,146
2323422,412,146
2323834,413,145
2324247,416,144
2324663,413,145
2325076,408,147
2325484,412,146
2325896,409,147
2326305,413,145
2326718,409,147
2327127,413,145
2327540,414,145
2327954,411,146
2328365,408,147
2328773,819,73
2329592,394,152
2329986,432,139
2330418,408,147
2330826,416,144
2331242,407,147
2331649,404,149
2332053,414,145
2332467,681,88
2333148,719,83
2333867,549,109
2334416,5041,12
2335162,836,72
2335998,411,146
2336409,416,144
2336825,413,145
2337238,418,144
2337656,415,145
2338071,414,145
2338485,420,143
2338905,414,145
2339319,415,145
2339734,412,146
2340146,413,145
2340559,418,144
2340977,415,145
2341392,420,143
2341812,418,144
2342230,413,145
2342643,413,145
2343056,416,144
2343472,414,145
2343886,414,145
2344300,420,143
2344720,411,146
2345131,413,145
2345544,414,145
2345958,411,146
2346369,413,145
2346782,415,145
2347197,416,144
2347613,412,146
2348025,417,144
2348442,410,146
2348852,416,144
2349268,413,145
2349681,414,145
2350095,418,144
2350513,412,146
2350925,417,144
2351342,415,145
2351757,412,146
2352169,412,146
2352581,417,144
2352998,413,145
2353411,416,144
2353827,415,145
2354242,414,145
2354656,416,144
2355072,412,146
2355484,413,145
2355897,418,144
2356315,413,145
2356728,422,142
2357150,417,144
2357567,414,145
2357981,417,144
2358398,416,144
2358814,419,143
2359233,418,144
2359651,418,144
2360069,421,143
2360490,416,144
2360906,416,144
2361322,419,143
2361741,416,144
2362157,419,143
2362576,421,143
2362997,417,144
2363414,420,143
2363834,417,144
2364251,416,144
2364667,421,143
2365088,417,144
2365505,424,142
2365929,417,144
2366346,419,143
2366765,418,144
2367183,418,144
2367601,418,144
2368019,419,143
2368438,421,143
2368859,420,143
2369279,420,143
2369699,417,144
2370116,419,143
2370535,419,143
2370954,417,144
2371371,424,142
2371795,418,144
2372213,419,143
2372632,417,144
2373049,418,144
2373467,418,144
2373885,420,143
2374305,423,142
2374728,415,145
2375143,422,142
2375565,417,144
2375982,415,145
2376397,419,143
2376816,416,144
2377232,422,142
2377654,415,145
2378069,416,144
2378485,416,144
2378901,417,144
2379318,415,145
2379733,418,144
2380151,418,144
2380569,417,144
2380986,418,144
2381404,412,146
2381816,419,143
2382235,413,145
2382648,417,144
2383065,418,144
2383483,417,144
2383900,420,143
2384320,413,145
2384733,415,145
2385148,413,145
2385561,414,145
2385975,418,144
2386393,416,144
2386809,415,145
2387224,415,145
2387639,415,145
2388054,411,146
2388465,416,144
2388881,416,144
2389297,413,145
2389710,420,143
2390130,415,145
2390545,415,145
2390960,411,146
2391371,412,146
2391783,415,145
2392198,413,145
2392611,419,143
2393030,414,145
2393444,415,145
2393859,412,146
2394271,415,145
2394686,414,145
2395100,415,145
2395515,419,143
2395934,417,144
2396351,416,144
2396767,416,144
2397183,417,144
2397600,414,145
2398014,419,143
2398433,417,144
2398850,416,144
2399266,420,143
2399686,417,144
2400103,418,144
2400521,414,145
2400935,416,144
2401351,418,144
2401769,417,144
2402186,421,143
2402607,415,145
2403022,415,145
2403437,416,144
2403853,416,144
2404269,414,145
2404683,419,143
2405102,417,144
2405519,419,143
2405938,418,144
2406356,413,145
2406769,418,144
2407187,414,145
2407601,417,144
2408018,419,143
2408437,417,144
2408854,420,143
2409274,419,143
2409693,414,145
2410107,417,144
2410524,415,145
2410939,417,144
2411356,418,144
2411774,420,143
2412194,417,144
2412611,419,143
2413030,412,146
2413442,419,143
2413861,416,144
2414277,414,145
2414691,421,143
2415112,415,145
2415527,418,144
2415945,414,145
2416359,415,145
2416774,413,145
2417187,417,144
2417604,413,145
2418017,415,145
2418432,420,143
2418852,414,145
2419266,415,145
2419681,411,146
2420092,412,146
2420504,412,146
2420916,412,146
2421328,415,145
2421743,412,146
2422155,413,145
2422568,413,145
2422981,410,146
2423391,410,146
2423801,411,146
2424212,411,146
2424623,411,146
2425034,417,144
2425451,408,147
2425859,411,146
2426270,411,146
2426681,408,147
2427089,408,147
2427497,412,146
2427909,410,146
2428319,411,146
2428730,412,146
2429142,411,146
2429553,408,147
2429961,408,147
2430369,407,147
2430776,409,147
2431185,409,147
2431594,410,146
2432004,409,147
2432413,412,146
2432825,406,148
2433231,408,147
2433639,409,147
2434048,408,147
2434456,412,146
2434868,410,146
2435278,409,147
2435687,414,145
2436101,408,147
2436509,405,148
2436914,410,146
2437324,405,148
2437729,405,148
2438134,412,146
2438546,408,147
2438954,413,145
2439367,409,147
2439776,408,147
2440184,407,147
2440591,407,147
2440998,407,147
2441405,407,147
2441812,405,148
2442217,411,146
2442628,409,147
2443037,408,147
2443445,410,146
2443855,405,148
2444260,411,146
2444671,403,149
2445074,406,148
2445480,405,148
2445885,408,147
2446293,409,147
2446702,406,148
2447108,409,147
2447517,405,148
2447922,404,149
2448326,405,148
2448731,403,149
2449134,404,149
2449538,404,149
2449942,408,147
2450350,405,148
2450755,405,148
2451160,404,149
2451564,399,150
2451963,403,149
2452366,402,149
2452768,398,151
2453166,404,149
2453570,403,149
2453973,402,149
2454375,402,149
2454777,402,149
2455179,402,149
2455581,397,151
2455978,397,151
2456375,486,123
2456861,312,192
2457173,402,149
2457575,400,150
2457975,401,150
2458376,402,149
2458778,396,152
2459174,394,152
2459568,402,149
2459970,392,153
2460362,398,151
2460760,397,151
2461157,397,151
2461554,401,150
2461955,396,152
2462351,396,152
2462747,394,152
2463141,394,152
2463535,393,153
2463928,397,151
2464325,393,153
2464718,396,152
2465114,398,151
2465512,390,154
2465902,400,150
2466302,392,153
2466694,392,153
2467086,390,154
2467476,391,153
2467867,388,155
2468255,395,152
2468650,387,155
2469037,389,154
2469426,395,152
2469821,389,154
2470210,394,152
2470604,386,155
2470990,773,78
2471763,388,155
2472151,386,155
2472537,392,153
2472929,382,157
2473311,388,155
2473699,391,153
2474090,389,154
2474479,392,153
2474871,777,77
2475648,381,157
2476029,389,154
2476418,383,157
2476801,386,155
2477187,388,155
2477575,383,157
2477958,387,155
2478345,1167,51
2479512,389,154
2479901,387,155
2480288,387,155
2480675,385,156
2481060,385,156
2481445,387,155
2481832,384,156
2482216,383,157
2482599,387,155
2482986,392,153
2483378,384,156
2483762,392,153
2484154,387,155
2484541,389,154
2484930,391,153
2485321,383,157
2485704,383,157
2486087,386,155
2486473,384,156
2486857,388,155
2487245,383,157
2487628,385,156
2488013,774,78
2488787,390,154
2489177,771,78
2489948,390,154
2490338,386,155
2490724,379,158
2491103,768,78
2491871,762,79
2492633,382,157
2493015,383,157
2493398,381,157
2493779,387,155
2494166,384,156
2494550,384,156
2494934,385,156
2495319,381,157
2495700,378,159
2496078,381,157
2496459,377,159
2496836,760,79
2497596,380,158
2497976,379,158
2498355,379,158
2498734,381,157
2499115,382,157
2499497,380,158
2499877,381,157
2500258,386,155
2500644,387,155
2501031,381,157
2501412,384,156
2501796,381,157
2502177,376,160
2502553,425,141
2502978,333,180
2503311,757,79
2504068,380,158
2504448,380,158
2504828,380,158
2505208,381,157
2505589,381,157
2505970,384,156
2506354,377,159
2506731,385,156
2507116,1137,53
2508253,430,140
2508683,324,185
2509007,379,158
2509386,375,160
2509761,758,79
2510519,758,79
2511277,381,157
2511658,384,156
2512042,380,158
2512422,325,185
2512747,4603,13
2513055,385,156
2513440,378,159
2513818,375,160
2514193,377,159
2514570,376,160
2514946,376,160
2515322,380,158
2515702,377,159
2516079,378,159
2516457,381,157
2516838,379,158
2517217,383,157
2517600,379,158
2517979,382,157
2518361,378,159
2518739,380,158
2519119,382,157
2519501,381,157
2519882,381,157
2520263,383,157
2520646,377,159
2521023,381,157
2521404,379,158
2521783,378,159
2522161,379,158
2522540,381,157
2522921,378,159
2523299,384,156
2523683,380,158
2524063,384,156
2524447,385,156
2524832,381,157
2525213,385,156
2525598,384,156
2525982,383,157
2526365,386,155
2526751,380,158
2527131,381,157
2527512,379,158
2527891,381,157
2528272,380,158
2528652,382,157
2529034,383,157
2529417,382,157
2529799,383,157
2530182,383,157
2530565,385,156
2530950,386,155
2531336,385,156
2531721,389,154
2532110,384,156
2532494,389,154
2532883,386,155
2533269,386,155
2533655,385,156
2534040,385,156
2534425,386,155
2534811,384,156
2535195,385,156
2535580,386,155
2535966,383,157
2536349,389,154
2536738,388,155
2537126,387,155
2537513,387,155
2537900,387,155
2538287,389,154
2538676,391,153
2539067,391,153
2539458,391,153
2539849,393,153
2540242,391,153
2540633,396,152
2541029,389,154
2541418,394,152
2541812,391,153
2542203,391,153
2542594,390,154
2542984,392,153
2543376,388,155
2543764,392,153
2544156,392,153
2544548,391,153
2544939,394,152
2545333,391,153
2545724,397,151
2546121,390,154
2546511,394,152
2546905,391,153
2547296,392,153
2547688,388,155
2548076,392,153
2548468,389,154
2548857,391,153
2549248,390,154
2549638,393,153
2550031,392,153
2550423,394,152
2550817,396,152
2551213,393,153
2551606,397,151
2552003,391,153
2552394,396,152
2552790,396,152
2553186,394,152
2553580,396,152
2553976,394,152
2554370,397,151
2554767,395,152
2555162,396,152
2555558,399,150
2555957,396,152
2556353,396,152
2556749,403,149
2557152,394,152
2557546,398,151
2557944,402,149
2558346,398,151
2558744,402,149
2559146,399,150
2559545,400,150
2559945,404,149
2560349,402,149
2560751,402,149
2561153,407,147
2561560,404,149
2561964,406,148
2562370,405,148
2562775,410,146
2563185,405,148
2563590,407,147
2563997,409,147
2564406,406,148
2564812,408,147
2565220,410,146
2565630,411,146
2566041,411,146
2566452,409,147
2566861,416,144
2567277,411,146
2567688,413,145
2568101,416,144
2568517,413,145
2568930,411,146
2569341,420,143
2569761,421,143
2570182,416,144
2570598,417,144
2571015,417,144
2571432,417,144
2571849,420,143
2572269,420,143
2572689,416,144
2573105,423,142
2573528,422,142
2573950,416,144
2574366,425,141
2574791,422,142
2575213,416,144
2575629,425,141
2576054,426,141
2576480,422,142
2576902,423,142
2577325,429,140
2577754,427,141
2578181,425,141
2578606,427,141
2579033,429,140
2579462,426,141
2579888,433,139
2580321,431,139
2580752,429,140
2581181,432,139
2581613,435,138
2582048,434,138
2582482,434,138
2582916,437,137
2583353,437,137
2583790,437,137
2584227,437,137
2584664,438,137
2585102,441,136
2585543,439,137
2585982,438,137
2586420,441,136
2586861,438,137
2587299,442,136
2587741,440,136
2588181,443,135
2588624,443,135
2589067,449,134
2589516,445,135
2589961,442,136
2590403,447,134
2590850,447,134
2591297,446,135
2591743,450,133
2592193,450,133
2592643,451,133
2593094,455,132
2593549,460,130
2594009,458,131
2594467,460,130
2594927,467,128
2595394,464,129
2595858,465,129
2596323,470,128
2596793,470,128
2597263,468,128
2597731,474,127
2598205,472,127
2598677,476,126
2599153,478,126
2599631,482,124
2600113,479,125
2600592,484,124
2601076,481,125
2601557,484,124
2602041,483,124
2602524,485,124
2603009,485,124
2603494,490,122
2603984,484,124
2604468,486,123
2604954,485,124
2605439,482,124
2605921,487,123
2606408,486,123
2606894,489,123
2607383,490,122
2607873,493,122
2608366,488,123
2608854,491,122
2609345,490,122
2609835,492,122
2610327,489,123
2610816,495,121
2611311,494,121
2611805,496,121
2612301,496,121
2612797,494,121
2613291,496,121
2613787,493,122
2614280,490,122
2614770,496,121
2615266,491,122
2615757,494,121
2616251,496,121
2616747,501,120
2617248,502,120
2617750,500,120
2618250,502,120
2618752,505,119
2619257,504,119
2619761,503,119
2620264,501,120
2620765,501,120
2621266,500,120
2621766,503,119
2622269,499,120
2622768,504,119
2623272,501,120
2623773,497,121
2624270,496,121
2624766,499,120
2625265,505,119
2625770,499,120
2626269,503,119
2626772,504,119
2627276,504,119
2627780,507,118
2628287,511,117
2628798,508,118
2629306,510,118
2629816,509,118
2630325,509,118
2630834,509,118
2631343,507,118
2631850,510,118
2632360,509,118
2632869,515,117
2633384,516,116
2633900,519,116
2634419,521,115
2634940,522,115
2635462,523,115
2635985,522,115
2636507,521,115
2637028,518,116
2637546,517,116
2638063,516,116
2638579,517,116
2639096,516,116
2639612,515,117
2640127,519,116
2640646,513,117
2641159,512,117
2641671,512,117
2642183,511,117
2642694,510,118
2643204,511,117
2643715,515,117
2644230,511,117
2644741,514,117
2645255,514,117
2645769,515,117
2646284,512,117
2646796,515,117
2647311,507,118
2647818,511,117
2648329,516,116
2648845,513,117
2649358,516,116
2649874,514,117
2650388,515,117
2650903,515,117
2651418,515,117
2651933,510,118
2652443,511,117
2652954,514,117
2653468,512,117
2653980,513,117
2654493,516,116
2655009,519,116
2655528,510,118
2656038,519,116
2656557,511,117
2657068,512,117
2657580,513,117
2658093,516,116
2658609,518,116
2659127,518,116
2659645,518,116
2660163,519,116
2660682,521,115
2661203,517,116
2661720,518,116
2662238,518,116
2662756,518,116
2663274,514,117
2663788,517,116
2664305,511,117
2664816,511,117
2665327,510,118
2665837,512,117
2666349,511,117
2666860,509,118
2667369,511,117
2667880,513,117
2668393,516,116
2668909,512,117
2669421,510,118
2669931,509,118
2670440,511,117
2670951,508,118
2671459,508,118
2671967,508,118
2672475,508,118
2672983,505,119
2673488,510,118
2673998,506,119
2674504,504,119
2675008,506,119
2675514,507,118
2676021,511,117
2676532,511,117
2677043,516,116
2677559,512,117
2678071,516,116
2678587,514,117
2679101,521,115
2679622,517,116
2680139,516,116
2680655,519,116
2681174,516,116
2681690,520,115
2682210,521,115
2682731,526,114
2683257,524,115
2683781,526,114
2684307,526,114
2684833,528,114
2685361,526,114
2685887,523,115
2686410,522,115
2686932,523,115
2687455,521,115
2687976,522,115
2688498,523,115
2689021,524,115
2689545,524,115
2690069,527,114
2690596,528,114
2691124,532,113
2691656,532,113
2692188,530,113
2692718,532,113
2693250,533,113
2693783,528,114
2694311,530,113
2694841,531,113
2695372,531,113
2695903,530,113
2696433,536,112
2696969,534,112
2697503,536,112
2698039,537,112
2698576,541,111
2699117,540,111
2699657,543,110
2700200,537,112
2700737,540,111
2701277,537,112
2701814,531,113
2702345,535,112
2702880,530,113
2703410,530,113
2703940,530,113
2704470,532,113
2705002,533,113
2705535,537,112
2706072,536,112
2706608,540,111
2707148,538,112
2707686,541,111
2708227,536,112
2708763,536,112
2709299,536,112
2709835,537,112
2710372,536,112
2710908,543,110
2711451,545,110
2711996,552,109
2712548,553,108
2713101,554,108
2713655,551,109
2714206,556,108
2714762,549,109
2715311,547,110
2715858,542,111
2716400,544,110
2716944,539,111
2717483,539,111
2718022,539,111
2718561,538,112
2719099,541,111
2719640,541,111
2720181,539,111
2720720,538,112
2721258,539,111
2721797,535,112
2722332,540,111
2722872,536,112
2723408,534,112
2723942,540,111
2724482,541,111
2725023,538,112
2725561,544,110
2726105,544,110
2726649,545,110
2727194,546,110
2727740,553,108
2728293,547,110
2728840,549,109
2729389,548,109
2729937,550,109
2730487,545,110
2731032,545,110
2731577,545,110
2732122,542,111
2732664,542,111
2733206,542,111
2733748,546,110
2734294,550,109
2734844,553,108
2735397,557,108
2735954,553,108
2736507,552,109
2737059,549,109
2737608,546,110
2738154,545,110
2738699,544,110
2739243,544,110
2739787,542,111
2740329,548,109
2740877,544,110
2741421,549,109
2741970,548,109
2742518,549,109
2743067,549,109
2743616,549,109
2744165,546,110
2744711,547,110
2745258,546,110
2745804,545,110
2746349,543,110
2746892,544,110
2747436,536,112
2747972,534,112
2748506,533,113
2749039,534,112
2749573,534,112
2750107,533,113
2750640,535,112
2751175,534,112
2751709,531,113
2752240,531,113
2752771,531,113
2753302,530,113
2753832,539,111
2754371,546,110
2754917,553,108
2755470,558,108
2756028,562,107
2756590,561,107
2757151,563,107
2757714,562,107
2758276,563,107
2758839,558,108
2759397,556,108
2759953,553,108
2760506,552,109
2761058,551,109
2761609,548,109
2762157,550,109
2762707,549,109
2763256,555,108
2763811,556,108
2764367,556,108
2764923,562,107
2765485,556,108
2766041,556,108
2766597,560,107
2767157,558,108
2767715,556,108
2768271,559,107
2768830,562,107
2769392,561,107
2769953,568,106
2770521,569,105
2771090,574,105
2771664,569,105
2772233,577,104
2772810,574,105
2773384,570,105
2773954,569,105
2774523,566,106
2775089,562,107
2775651,561,107
2776212,560,107
2776772,559,107
2777331,554,108
2777885,555,108
2778440,554,108
2778994,550,109
2779544,549,109
2780093,547,110
2780640,544,110
2781184,544,110
2781728,538,112
2782266,539,111
2782805,536,112
2783341,534,112
2783875,536,112
2784411,537,112
2784948,544,110
2785492,548,109
2786040,551,109
2786591,552,109
2787143,551,109
2787694,551,109
2788245,549,109
2788794,549,109
2789343,546,110
2789889,546,110
2790435,544,110
2790979,541,111
2791520,541,111
2792061,541,111
2792602,547,110
2793149,547,110
2793696,554,108
2794250,561,107
2794811,564,106
2795375,569,105
2795944,566,106
2796510,568,106
2797078,568,106
2797646,566,106
2798212,567,106
2798779,561,107
2799340,559,107
2799899,558,108
2800457,556,108
2801013,558,108
2801571,556,108
2802127,557,108
2802684,562,107
2803246,563,107
2803809,564,106
2804373,561,107
2804934,563,107
2805497,558,108
2806055,555,108
2806610,553,108
2807163,547,110
2807710,545,110
2808255,546,110
2808801,543,110
2809344,542,111
2809886,543,110
2810429,543,110
2810972,548,109
2811520,555,108
2812075,562,107
2812637,562,107
2813199,564,106
2813763,562,107
2814325,564,106
2814889,558,108
2815447,559,107
2816006,554,108
2816560,551,109
2817111,548,109
2817659,549,109
2818208,549,109
2818757,556,108
2819313,563,107
2819876,565,106
2820441,567,106
2821008,565,106
2821573,564,106
2822137,562,107
2822699,563,107
2823262,559,107
2823821,557,108
2824378,557,108
2824935,554,108
2825489,553,108
2826042,558,108
2826600,561,107
2827161,567,106
2827728,572,105
2828300,575,104
2828875,577,104
2829452,569,105
2830021,569,105
2830590,568,106
2831158,566,106
2831724,565,106
2832289,564,106
2832853,567,106
2833420,564,106
2833984,568,106
2834552,572,105
2835124,568,106
2835692,570,105
2836262,567,106
2836829,563,107
2837392,561,107
2837953,564,106
2838517,572,105
2839089,577,104
2839666,579,104
2840245,584,103
2840829,586,102
2841415,588,102
2842003,592,101
2842595,580,103
2843175,577,104
2843752,571,105
2844323,568,106
2844891,565,106
2845456,565,106
2846021,567,106
2846588,569,105
2847157,573,105
2847730,575,104
2848305,577,104
2848882,570,105
2849452,574,105
2850026,567,106
2850593,568,106
2851161,561,107
2851722,557,108
2852279,552,109
2852831,545,110
2853376,548,109
2853924,421,143
2854345,684,88
2855029,554,108
2855583,551,109
2856134,554,108
2856688,548,109
2857236,551,109
2857787,548,109
2858335,553,108
2858888,554,108
2859442,565,106
2860007,567,106
2860574,579,104
2861153,577,104
2861730,584,103
2862314,581,103
2862895,581,103
2863476,577,104
2864053,571,105
2864624,571,105
2865195,563,107
2865758,567,106
2866325,559,107
2866884,562,107
2867446,550,109
2867996,560,107
2868556,554,108
2869110,556,108
2869666,550,109
2870216,556,108
2870772,555,108
2871327,561,107
2871888,559,107
2872447,560,107
2873007,560,107
2873567,556,108
2874123,563,107
2874686,554,108
2875240,554,108
2875794,553,108
2876347,559,107
2876906,555,108
2877461,559,107
2878020,560,107
2878580,563,107
2879143,563,107
2879706,563,107
2880269,568,106
2880837,561,107
2881398,562,107
2881960,563,107
2882523,563,107
2883086,556,108
2883642,563,107
2884205,560,107
2884765,562,107
2885327,563,107
2885890,563,107
2886453,563,107
2887016,563,107
2887579,563,107
2888142,560,107
2888702,563,107
